ID,DRB_1,DRB_2,DQA_1,DQA_2,DQB_1,DQB_2,DPA_1,DPA_2,DPB_1,DPB_2
SRR10801640,DRB1*15:01,DRB1*03:01,DQA1*01:02,DQA1*05:01,DQB1*06:02,DQB1*02:01,DPA1*01:03,DPA1*02:01,DPB1*04:01,DPB1*01:01
SRR10801641,DRB1*15:02,DRB1*14:01,DQA1*01:04,DQA1*01:03,DQB1*06:01,DQB1*05:03,DPA1*01:03,DPA1*02:01,DPB1*13:01,DPB1*04:01
SRR10801642,DRB1*15:01,DRB1*13:01,DQA1*01:02,DQA1*01:03,DQB1*06:02,DQB1*06:03,DPA1*01:03,,DPB1*02:01,DPB1*03:01
SRR10801643,DRB1*11:04,DRB1*04:04,DQA1*03:01,DQA1*05:05,DQB1*03:02,DQB1*03:01,DPA1*01:03,,DPB1*04:01,
SRR10801644,DRB1*13:03,DRB1*03:01,DQA1*05:01,DQA1*05:05,DQB1*03:01,DQB1*02:01,DPA1*01:03,,DPB1*104:01,
SRR10801645,DRB1*11:04,DRB1*11:01,DQA1*05:05,,DQB1*03:01,,DPA1*01:03,,DPB1*04:01,
SRR10801646,DRB1*15:01,DRB1*04:07,DQA1*01:02,DQA1*03:03,DQB1*06:02,DQB1*03:01,DPA1*01:03,,DPB1*04:01,
SRR10801647,DRB1*04:04,DRB1*04:01,DQA1*03:01,,DQB1*03:02,,DPA1*01:03,,DPB1*04:01,DPB1*06:01
SRR10801648,DRB1*13:01,DRB1*13:02,DQA1*01:03,DQA1*01:02,DQB1*06:03,DQB1*06:09,DPA1*01:03,DPA1*02:01,DPB1*04:01,DPB1*13:01
SRR10801649,DRB1*04:04,DRB1*04:01,DQA1*03:01,,DQB1*03:02,,DPA1*01:03,,DPB1*04:01,DPB1*06:01
SRR10801650,DRB1*15:02,DRB1*07:01,DQA1*01:03,DQA1*02:01,DQB1*06:01,DQB1*02:02,DPA1*01:03,DPA1*02:07,DPB1*04:01,DPB1*02:01
SRR10801651,DRB1*15:01,DRB1*01:01,DQA1*01:01,DQA1*01:02,DQB1*05:02,DQB1*05:01,DPA1*02:01,,DPB1*14:01,
SRR10801652,DRB1*13:01,DRB1*11:01,DQA1*01:03,DQA1*05:09,DQB1*06:03,DQB1*03:01,DPA1*01:03,,DPB1*04:01,DPB1*03:01
SRR10801653,DRB1*04:01,DRB1*11:03,DQA1*05:05,DQA1*03:03,DQB1*03:01,,DPA1*01:03,,DPB1*04:02,DPB1*02:01
SRR10801654,DRB1*15:01,,DQA1*01:02,,DQB1*06:02,,DPA1*01:03,,DPB1*04:01,
SRR10801655,DRB1*15:01,DRB1*11:03,DQA1*01:02,DQA1*05:05,DQB1*06:02,DQB1*03:01,DPA1*01:03,,DPB1*02:02,DPB1*03:01
SRR10801656,DRB1*15:01,DRB1*04:01,DQA1*01:02,DQA1*03:01,DQB1*06:02,DQB1*03:02,DPA1*01:03,,DPB1*784:01,DPB1*04:01
SRR10801657,DRB1*07:01,DRB1*16:01,DQA1*02:14,DQA1*01:02,DQB1*03:03,DQB1*05:02,DPA1*01:03,,DPB1*51:01,DPB1*04:01
SRR10801658,DRB1*16:01,DRB1*04:04,DQA1*01:02,DQA1*03:01,DQB1*05:02,DQB1*03:02,DPA1*01:03,DPA1*01:130,DPB1*04:02,DPB1*03:01
SRR10801659,DRB1*03:01,DRB1*09:01,DQA1*05:01,DQA1*03:02,DQB1*03:03,DQB1*02:01,DPA1*01:03,,DPB1*02:01,DPB1*04:01
SRR10801660,DRB1*11:04,,DQA1*05:05,,DQB1*03:01,,DPA1*01:03,,DPB1*04:02,
SRR10801661,DRB1*04:01,DRB1*11:03,DQA1*03:03,DQA1*05:05,DQB1*03:01,,DPA1*01:03,,DPB1*02:01,DPB1*04:02
SRR10801662,DRB1*15:01,DRB1*11:01,DQA1*01:02,DQA1*05:05,DQB1*06:02,DQB1*03:01,DPA1*01:03,,DPB1*04:01,
SRR10801663,DRB1*16:01,DRB1*07:01,DQA1*01:02,DQA1*02:01,DQB1*05:02,DQB1*02:02,DPA1*01:03,,DPB1*02:01,DPB1*04:01
SRR10801664,DRB1*15:01,DRB1*13:01,DQA1*01:03,DQA1*01:02,DQB1*06:02,DQB1*06:03,DPA1*01:03,,DPB1*04:02,DPB1*04:01
SRR10801665,DRB1*15:01,,DQA1*01:02,,DQB1*06:02,,DPA1*01:03,,DPB1*04:01,
SRR10801666,DRB1*16:01,DRB1*15:01,DQA1*01:02,DQA1*01:02,DQB1*06:02,DQB1*05:02,DPA1*01:03,,DPB1*03:01,DPB1*04:01
SRR10801667,DRB1*01:01,DRB1*13:01,DQA1*01:01,DQA1*01:03,DQB1*05:01,DQB1*06:03,DPA1*02:01,DPA1*01:03,DPB1*01:01,DPB1*02:01
SRR10801668,DRB1*13:02,DRB1*03:01,DQA1*01:02,DQA1*05:01,DQB1*05:01,DQB1*02:01,DPA1*01:03,DPA1*02:01,DPB1*17:01,DPB1*02:01
SRR10801669,DRB1*03:01,DRB1*07:01,DQA1*05:01,DQA1*02:01,DQB1*02:01,DQB1*02:02,DPA1*01:03,DPA1*02:01,DPB1*04:02,DPB1*01:01
SRR10801670,DRB1*13:03,DRB1*12:01,DQA1*05:05,,DQB1*03:01,,DPA1*01:03,,DPB1*02:01,DPB1*124:01
SRR10801671,DRB1*13:03,DRB1*03:01,DQA1*05:05,DQA1*05:01,DQB1*03:01,DQB1*02:01,DPA1*01:03,,DPB1*104:01,
SRR10801672,DRB1*01:01,DRB1*04:01,DQA1*01:01,DQA1*03:01,DQB1*05:01,DQB1*03:02,DPA1*01:03,,DPB1*04:02,DPB1*04:01
SRR10801673,DRB1*15:01,DRB1*01:01,DQA1*01:02,DQA1*01:01,DQB1*05:02,DQB1*05:01,DPA1*02:01,,DPB1*14:01,
SRR10801674,DRB1*12:01,DRB1*13:03,DQA1*05:05,,DQB1*03:01,,DPA1*01:03,,DPB1*02:01,DPB1*124:01
SRR10801675,DRB1*12:01,DRB1*11:01,DQA1*05:05,,DQB1*03:01,,DPA1*01:03,,DPB1*04:01,DPB1*04:02
SRR10801676,DRB1*03:01,DRB1*09:01,DQA1*05:01,DQA1*03:02,DQB1*02:01,DQB1*03:03,DPA1*01:03,,DPB1*04:01,DPB1*02:01
SRR10801677,DRB1*11:04,DRB1*14:54,DQA1*01:04,DQA1*05:05,DQB1*05:03,DQB1*03:01,DPA1*01:03,,DPB1*02:01,DPB1*04:02
SRR10801678,DRB1*07:01,,DQA1*02:01,,DQB1*02:02,DQB1*03:03,DPA1*01:03,,DPB1*04:02,DPB1*04:01
SRR10801679,DRB1*01:01,DRB1*13:01,DQA1*01:01,DQA1*01:03,DQB1*06:03,DQB1*05:01,DPA1*01:03,DPA1*02:01,DPB1*02:01,DPB1*01:01
SRR10801680,DRB1*15:01,DRB1*11:03,DQA1*01:02,DQA1*05:48,DQB1*06:02,DQB1*03:01,DPA1*01:03,,DPB1*02:02,DPB1*1049:01
SRR10801681,DRB1*01:01,DRB1*04:01,DQA1*01:01,DQA1*03:01,DQB1*05:01,DQB1*03:02,DPA1*01:03,,DPB1*04:02,DPB1*04:01
SRR10801682,DRB1*15:02,DRB1*07:01,DQA1*01:03,DQA1*02:01,DQB1*06:01,DQB1*02:02,DPA1*01:03,DPA1*02:07,DPB1*02:01,DPB1*04:01
SRR10801683,DRB1*11:04,DRB1*14:54,DQA1*05:05,DQA1*01:04,DQB1*03:01,DQB1*05:03,DPA1*01:03,,DPB1*04:02,
SRR10801684,DRB1*15:01,DRB1*13:01,DQA1*01:03,DQA1*01:02,DQB1*06:02,DQB1*06:03,DPA1*01:03,,DPB1*02:01,DPB1*04:01
SRR10801685,DRB1*04:01,DRB1*13:01,DQA1*01:03,DQA1*03:03,DQB1*06:03,DQB1*03:01,DPA1*01:03,,DPB1*02:01,
SRR10801686,DRB1*11:04,,DQA1*05:05,,DQB1*03:01,,DPA1*01:03,,DPB1*04:02,
SRR10801687,DRB1*15:01,DRB1*13:01,DQA1*01:02,DQA1*01:03,DQB1*06:02,DQB1*06:03,DPA1*01:03,,DPB1*04:01,DPB1*02:01
SRR10801688,DRB1*12:01,DRB1*09:01,DQA1*05:05,DQA1*03:02,DQB1*03:01,DQB1*03:03,DPA1*01:03,,DPB1*15:01,DPB1*04:01
SRR10801689,DRB1*16:01,DRB1*04:04,DQA1*01:02,DQA1*03:01,DQB1*05:02,DQB1*03:02,DPA1*01:03,DPA1*01:130,DPB1*04:02,DPB1*03:01
SRR10801690,DRB1*13:02,DRB1*01:01,DQA1*01:01,DQA1*01:02,DQB1*06:04,DQB1*05:01,DPA1*01:03,,DPB1*04:02,DPB1*03:01
SRR10801691,DRB1*15:01,DRB1*03:01,DQA1*01:02,DQA1*05:01,DQB1*06:02,DQB1*02:01,DPA1*01:03,DPA1*02:01,DPB1*04:01,DPB1*01:01
SRR10801692,DRB1*04:01,DRB1*13:01,DQA1*01:03,DQA1*03:03,DQB1*06:03,DQB1*03:01,DPA1*01:03,,DPB1*02:01,
SRR10801693,DRB1*11:04,DRB1*15:01,DQA1*01:02,DQA1*05:05,DQB1*06:02,DQB1*03:01,DPA1*01:03,,DPB1*03:01,
SRR10801694,DRB1*15:02,DRB1*14:01,DQA1*01:03,DQA1*01:04,DQB1*06:01,DQB1*05:03,DPA1*01:03,DPA1*02:01,DPB1*13:01,DPB1*04:01
SRR10801695,DRB1*13:01,DRB1*03:01,DQA1*01:03,DQA1*05:01,DQB1*06:03,DQB1*02:01,DPA1*01:03,,DPB1*04:01,
SRR10801696,DRB1*13:02,DRB1*03:01,DQA1*01:02,DQA1*05:01,DQB1*05:01,DQB1*02:01,DPA1*01:03,DPA1*02:01,DPB1*02:01,DPB1*17:01
SRR10801697,DRB1*15:01,DRB1*13:01,DQA1*01:02,DQA1*01:03,DQB1*06:02,DQB1*06:03,DPA1*01:03,,DPB1*02:01,DPB1*03:01
SRR10801698,DRB1*15:01,DRB1*11:01,DQA1*01:02,DQA1*05:05,DQB1*06:02,DQB1*03:01,DPA1*01:03,,DPB1*04:01,
SRR10801699,DRB1*03:01,DRB1*07:01,DQA1*02:01,DQA1*05:01,DQB1*02:01,DQB1*02:02,DPA1*01:03,DPA1*02:01,DPB1*01:01,DPB1*04:02
SRR10801700,DRB1*13:01,DRB1*11:01,DQA1*01:03,DQA1*05:09,DQB1*06:03,DQB1*03:01,DPA1*01:03,,DPB1*04:01,DPB1*03:01
SRR10801701,DRB1*13:03,DRB1*08:77,DQA1*05:05,DQA1*04:01,DQB1*03:01,DQB1*04:02,DPA1*01:03,,DPB1*02:01,DPB1*02:01
SRR10801702,DRB1*11:04,DRB1*04:04,DQA1*03:01,DQA1*05:05,DQB1*03:02,DQB1*03:01,DPA1*01:03,,DPB1*04:01,
SRR10801703,DRB1*11:01,DRB1*12:01,DQA1*05:05,,DQB1*03:01,,DPA1*01:03,,DPB1*04:02,DPB1*04:01
SRR10801704,DRB1*03:01,DRB1*07:01,DQA1*02:01,DQA1*05:01,DQB1*03:03,DQB1*02:01,DPA1*02:01,DPA1*02:01,DPB1*01:01,DPB1*13:01
SRR10801705,DRB1*01:01,DRB1*04:01,DQA1*01:01,DQA1*03:01,DQB1*05:01,DQB1*03:02,DPA1*01:03,,DPB1*04:01,DPB1*04:02
SRR10801706,DRB1*14:54,DRB1*11:01,DQA1*01:04,DQA1*05:05,DQB1*05:03,DQB1*03:01,DPA1*01:03,,DPB1*968:01,DPB1*463:01
SRR10801707,DRB1*16:01,DRB1*07:01,DQA1*01:02,DQA1*02:01,DQB1*05:02,DQB1*02:02,DPA1*01:03,,DPB1*04:01,DPB1*02:01
SRR10801708,DRB1*04:01,DRB1*11:04,DQA1*05:05,DQA1*03:01,DQB1*03:02,DQB1*03:01,DPA1*01:03,,DPB1*04:01,DPB1*104:01
SRR10801709,DRB1*15:01,DRB1*04:07,DQA1*01:02,DQA1*03:03,DQB1*06:02,DQB1*03:01,DPA1*01:03,,DPB1*04:01,
SRR10801710,DRB1*07:01,,DQA1*02:01,,DQB1*03:03,DQB1*02:02,DPA1*01:03,,DPB1*04:02,DPB1*04:01
SRR10801711,DRB1*13:03,DRB1*08:77,DQA1*04:01,DQA1*05:05,DQB1*03:01,DQB1*04:02,DPA1*01:03,,DPB1*02:01,DPB1*02:01
SRR10801712,DRB1*04:01,DRB1*07:01,DQA1*03:01,DQA1*02:01,DQB1*03:02,DQB1*02:02,DPA1*01:03,,DPB1*03:01,DPB1*04:01
SRR10801713,DRB1*09:01,DRB1*12:01,DQA1*05:05,DQA1*03:02,DQB1*03:03,DQB1*03:01,DPA1*01:03,,DPB1*04:01,DPB1*15:01
SRR10801714,DRB1*04:01,DRB1*13:02,DQA1*01:02,DQA1*03:01,DQB1*06:04,DQB1*03:02,DPA1*01:03,,DPB1*04:01,DPB1*02:01
SRR10801715,DRB1*11:01,DRB1*14:54,DQA1*01:04,DQA1*05:05,DQB1*05:03,DQB1*03:01,DPA1*01:03,,DPB1*04:02,DPB1*16:01
SRR10801716,DRB1*15:01,DRB1*03:01,DQA1*01:02,DQA1*05:01,DQB1*06:02,DQB1*02:01,DPA1*01:03,DPA1*02:01,DPB1*04:01,DPB1*01:01
SRR10801717,DRB1*11:04,DRB1*11:01,DQA1*05:05,,DQB1*03:01,,DPA1*01:03,,DPB1*04:01,
SRR10801718,DRB1*13:02,DRB1*01:01,DQA1*01:02,DQA1*01:01,DQB1*06:04,DQB1*05:01,DPA1*01:03,,DPB1*04:02,DPB1*03:01
SRR10801719,DRB1*15:01,DRB1*13:01,DQA1*01:02,DQA1*01:03,DQB1*06:02,DQB1*06:03,DPA1*01:03,,DPB1*04:02,DPB1*04:01
SRR10801720,DRB1*01:01,DRB1*04:01,DQA1*01:01,DQA1*03:01,DQB1*05:01,DQB1*03:02,DPA1*01:03,,DPB1*04:02,DPB1*04:01
SRR10801721,DRB1*13:02,DRB1*04:01,DQA1*01:02,DQA1*03:01,DQB1*06:04,DQB1*03:02,DPA1*01:03,,DPB1*02:01,DPB1*04:01
SRR10801748,DRB1*11:04,DRB1*04:01,DQA1*05:05,DQA1*03:01,DQB1*03:02,DQB1*03:01,DPA1*01:03,,DPB1*04:01,DPB1*104:01
SRR10801749,DRB1*03:01,DRB1*07:01,DQA1*02:01,DQA1*05:01,DQB1*03:03,DQB1*02:01,DPA1*02:01,DPA1*02:01,DPB1*01:01,DPB1*13:01
SRR10801750,DRB1*15:01,DRB1*04:01,DQA1*01:02,DQA1*03:01,DQB1*06:02,DQB1*03:02,DPA1*01:03,,DPB1*784:01,DPB1*04:01
SRR10801751,DRB1*15:01,DRB1*11:04,DQA1*01:02,DQA1*05:05,DQB1*06:02,DQB1*03:01,DPA1*01:03,,DPB1*03:01,
SRR10801752,DRB1*13:01,DRB1*13:02,DQA1*01:02,DQA1*01:03,DQB1*06:03,DQB1*06:09,DPA1*01:03,DPA1*02:01,DPB1*04:01,DPB1*13:01
SRR10801753,DRB1*16:01,DRB1*07:01,DQA1*01:02,DQA1*02:14,DQB1*05:02,DQB1*03:03,DPA1*01:03,,DPB1*04:01,DPB1*51:01
SRR10801754,DRB1*13:01,DRB1*03:01,DQA1*01:03,DQA1*05:01,DQB1*06:03,DQB1*02:01,DPA1*01:03,,DPB1*04:01,
SRR10801755,DRB1*04:01,DRB1*07:01,DQA1*02:01,DQA1*03:01,DQB1*03:02,DQB1*02:02,DPA1*01:03,,DPB1*04:01,DPB1*03:01
SRR10801756,DRB1*15:01,DRB1*03:01,DQA1*01:02,DQA1*05:01,DQB1*06:02,DQB1*02:01,DPA1*01:03,DPA1*02:01,DPB1*04:01,DPB1*01:01
SRR10841991,DRB1*15:01,DRB1*01:01,DQA1*01:02,DQA1*01:01,DQB1*06:02,DQB1*05:01,DPA1*01:03,,DPB1*04:01,
SRR10841995,DRB1*01:01,DRB1*08:77,DQA1*01:01,DQA1*04:01,DQB1*05:01,DQB1*04:02,DPA1*01:03,,DPB1*04:01,
SRR10841999,DRB1*01:01,DRB1*11:04,DQA1*01:01,DQA1*05:05,DQB1*05:01,DQB1*03:01,DPA1*01:03,,DPB1*04:02,DPB1*04:01
SRR10842008,DRB1*16:01,DRB1*07:01,DQA1*01:02,DQA1*02:01,DQB1*05:02,DQB1*02:02,DPA1*01:03,,DPB1*02:01,DPB1*06:01
SRR10842033,DRB1*01:01,DRB1*07:01,DQA1*01:02,DQA1*02:01,DQB1*05:04,DQB1*02:02,DPA1*01:03,DPA1*02:01,DPB1*02:01,DPB1*09:01
SRR10842034,DRB1*11:01,DRB1*04:01,DQA1*03:01,DQA1*05:05,DQB1*03:02,DQB1*03:01,DPA1*01:03,,DPB1*16:01,DPB1*02:01
SRR10842035,DRB1*10:01,DRB1*03:01,DQA1*01:05,DQA1*05:01,DQB1*05:01,DQB1*02:01,DPA1*01:03,,DPB1*02:01,DPB1*04:01
SRR10842094,DRB1*15:01,DRB1*04:01,DQA1*01:02,DQA1*03:01,DQB1*06:02,DQB1*03:02,DPA1*01:03,,DPB1*04:01,
SRR10842348,DRB1*01:01,DRB1*07:01,DQA1*01:02,DQA1*02:01,DQB1*05:04,DQB1*02:02,DPA1*01:03,DPA1*02:01,DPB1*02:01,DPB1*09:01
SRR10842350,DRB1*07:01,DRB1*08:77,DQA1*04:02,DQA1*02:01,DQB1*04:02,DQB1*02:02,DPA1*01:03,DPA1*02:02,DPB1*04:01,DPB1*01:01
SRR10842351,DRB1*04:02,DRB1*07:01,DQA1*02:01,DQA1*03:01,DQB1*03:02,DQB1*02:02,DPA1*01:03,,DPB1*04:02,DPB1*04:01
SRR10842353,DRB1*08:77,DRB1*07:01,DQA1*04:02,DQA1*02:01,DQB1*04:02,DQB1*02:02,DPA1*01:03,DPA1*02:02,DPB1*04:01,DPB1*01:01
SRR10868875,DRB1*01:01,DRB1*08:77,DQA1*01:01,DQA1*04:01,DQB1*05:01,DQB1*04:02,DPA1*01:03,,DPB1*04:01,
SRR10868898,DRB1*15:01,DRB1*16:01,DQA1*01:02,DQA1*01:02,DQB1*06:02,DQB1*05:02,DPA1*01:03,,DPB1*03:01,DPB1*04:01
SRR10868923,DRB1*03:01,DRB1*10:01,DQA1*01:05,DQA1*05:01,DQB1*02:01,DQB1*05:01,DPA1*01:03,,DPB1*04:01,DPB1*02:01
SRR10868924,DRB1*16:01,DRB1*07:01,DQA1*01:02,DQA1*02:01,DQB1*05:02,DQB1*02:02,DPA1*01:03,,DPB1*06:01,DPB1*02:01
SRR10868925,DRB1*04:01,DRB1*11:01,DQA1*03:01,DQA1*05:05,DQB1*03:02,DQB1*03:01,DPA1*01:03,,DPB1*16:01,DPB1*02:01
SRR10868926,DRB1*15:01,DRB1*01:01,DQA1*01:01,DQA1*01:02,DQB1*06:02,DQB1*05:01,DPA1*01:03,,DPB1*04:01,
SRR10868927,DRB1*04:01,DRB1*15:01,DQA1*03:01,DQA1*01:02,DQB1*03:02,DQB1*06:02,DPA1*01:03,,DPB1*04:01,
SRR10868928,DRB1*11:04,DRB1*01:01,DQA1*01:01,DQA1*05:05,DQB1*03:01,DQB1*05:01,DPA1*01:03,,DPB1*04:01,DPB1*04:02
SRR10868929,DRB1*04:02,DRB1*07:01,DQA1*02:01,DQA1*03:01,DQB1*02:02,DQB1*03:02,DPA1*01:03,,DPB1*04:02,DPB1*04:01
SRR10898040,DRB1*01:01,DRB1*07:01,DQA1*01:01,DQA1*02:01,DQB1*05:01,DQB1*03:03,DPA1*01:03,,DPB1*04:01,
SRR10898062,DRB1*03:01,DRB1*11:04,DQA1*05:01,DQA1*05:05,DQB1*02:01,DQB1*03:01,DPA1*01:03,,DPB1*06:01,DPB1*104:01
SRR10898069,DRB1*15:01,DRB1*14:01,DQA1*01:02,DQA1*01:04,DQB1*06:02,DQB1*05:03,DPA1*01:03,,DPB1*04:01,DPB1*02:01
SRR10898072,DRB1*07:01,DRB1*01:01,DQA1*01:01,DQA1*02:01,DQB1*05:01,DQB1*03:03,DPA1*01:03,,DPB1*04:01,
SRR10898085,DRB1*11:04,DRB1*03:01,DQA1*05:05,DQA1*05:01,DQB1*03:01,DQB1*02:01,DPA1*01:03,,DPB1*06:01,DPB1*104:01
SRR10898086,DRB1*01:01,DRB1*11:04,DQA1*01:02,DQA1*05:05,DQB1*05:04,DQB1*03:01,DPA1*01:03,,DPB1*104:01,DPB1*04:01
SRR10898088,DRB1*15:01,DRB1*14:01,DQA1*01:02,DQA1*01:04,DQB1*06:02,DQB1*05:03,DPA1*01:03,,DPB1*02:01,DPB1*04:01
SRR10898090,DRB1*04:01,DRB1*11:01,DQA1*03:01,DQA1*05:05,DQB1*03:02,DQB1*03:01,DPA1*01:03,,DPB1*04:01,DPB1*04:02
SRR10898092,DRB1*04:02,DRB1*04:01,DQA1*03:01,,DQB1*03:02,,DPA1*01:03,,DPB1*04:01,
SRR10898093,DRB1*11:01,DRB1*04:01,DQA1*03:01,DQA1*05:05,DQB1*03:02,DQB1*03:01,DPA1*01:03,,DPB1*04:02,DPB1*04:01
SRR10898094,DRB1*03:01,DRB1*07:01,DQA1*05:01,DQA1*02:01,DQB1*02:01,DQB1*02:02,DPA1*01:03,,DPB1*04:01,
SRR10898095,DRB1*04:02,DRB1*04:01,DQA1*03:01,,DQB1*03:02,,DPA1*01:03,,DPB1*04:01,
SRR10898096,DRB1*01:01,DRB1*11:04,DQA1*01:02,DQA1*05:05,DQB1*05:04,DQB1*03:01,DPA1*01:03,,DPB1*04:01,DPB1*104:01
SRR10898097,DRB1*13:01,DRB1*11:01,DQA1*01:03,DQA1*05:05,DQB1*06:03,DQB1*03:01,DPA1*01:03,,DPB1*04:01,DPB1*02:01
SRR10898098,DRB1*13:01,DRB1*11:01,DQA1*01:03,DQA1*05:48,DQB1*06:03,DQB1*03:01,DPA1*01:03,,DPB1*02:01,DPB1*04:01
SRR10898099,DRB1*03:01,DRB1*07:01,DQA1*05:01,DQA1*02:01,DQB1*02:01,DQB1*02:02,DPA1*01:03,,DPB1*04:01,
SRR10898127,DRB1*16:01,DRB1*04:01,DQA1*01:02,DQA1*03:01,DQB1*05:02,DQB1*03:02,DPA1*01:03,,DPB1*04:02,DPB1*04:01
SRR10898129,DRB1*15:01,DRB1*01:02,DQA1*01:02,DQA1*01:01,DQB1*06:02,DQB1*05:01,DPA1*01:03,,DPB1*04:01,DPB1*02:01
SRR10898288,DRB1*16:01,DRB1*12:01,DQA1*01:02,DQA1*05:05,DQB1*05:02,DQB1*03:01,DPA1*01:03,,DPB1*04:01,
SRR10898289,DRB1*15:01,DRB1*11:01,DQA1*01:02,DQA1*05:05,DQB1*06:02,DQB1*03:01,DPA1*01:03,,DPB1*02:01,DPB1*04:01
SRR10898290,DRB1*15:01,DRB1*11:01,DQA1*01:02,DQA1*05:05,DQB1*05:01,DQB1*03:01,DPA1*01:03,,DPB1*04:01,
SRR10898291,DRB1*07:01,DRB1*04:01,DQA1*02:01,DQA1*03:01,DQB1*02:02,DQB1*03:02,DPA1*01:03,,DPB1*04:01,
SRR10898292,DRB1*15:01,DRB1*13:03,DQA1*01:02,DQA1*05:05,DQB1*06:02,DQB1*03:01,DPA1*01:03,,DPB1*02:01,DPB1*04:01
SRR10898293,DRB1*15:01,DRB1*13:01,DQA1*01:02,DQA1*01:03,DQB1*06:02,DQB1*05:01,DPA1*01:03,DPA1*02:01,DPB1*02:01,DPB1*09:01
SRR10898294,DRB1*04:05,DRB1*11:04,DQA1*05:05,DQA1*03:03,DQB1*03:01,DQB1*02:02,DPA1*01:03,,DPB1*04:02,DPB1*104:01
SRR10898307,DRB1*08:04,DRB1*07:01,DQA1*04:01,DQA1*02:01,DQB1*04:02,DQB1*02:02,DPA1*01:03,,DPB1*04:01,DPB1*02:01
SRR10898308,DRB1*01:01,DRB1*04:01,DQA1*01:01,DQA1*03:03,DQB1*05:01,DQB1*03:01,DPA1*01:03,,DPB1*04:02,
SRR10898309,DRB1*16:01,DRB1*12:01,DQA1*01:02,DQA1*05:05,DQB1*05:02,DQB1*03:01,DPA1*01:03,,DPB1*04:01,
SRR10898310,DRB1*11:01,DRB1*07:01,DQA1*05:05,DQA1*02:01,DQB1*03:01,DQB1*02:02,DPA1*01:03,,DPB1*04:02,DPB1*06:01
SRR10898311,DRB1*04:01,DRB1*08:01,DQA1*04:01,DQA1*03:03,DQB1*04:02,DQB1*03:01,DPA1*01:03,,DPB1*04:01,DPB1*02:01
SRR10898312,DRB1*11:04,DRB1*07:01,DQA1*05:05,DQA1*02:01,DQB1*02:02,DQB1*03:01,DPA1*01:03,,DPB1*04:01,DPB1*02:01
SRR10898313,DRB1*11:01,DRB1*14:54,DQA1*01:04,DQA1*05:05,DQB1*05:03,DQB1*03:01,DPA1*01:03,,DPB1*04:02,DPB1*04:01
SRR10898314,DRB1*11:04,DRB1*07:01,DQA1*02:01,DQA1*05:05,DQB1*03:01,DQB1*02:02,DPA1*01:03,,DPB1*04:02,DPB1*04:01
SRR10898315,DRB1*01:01,DRB1*13:02,DQA1*01:01,DQA1*01:02,DQB1*06:04,DQB1*05:01,DPA1*01:03,,DPB1*04:01,DPB1*03:01
SRR10898316,DRB1*07:01,DRB1*12:01,DQA1*02:01,DQA1*05:05,DQB1*03:01,DQB1*02:02,DPA1*01:03,,DPB1*02:01,DPB1*04:01
SRR10898317,DRB1*13:01,DRB1*03:01,DQA1*01:03,DQA1*05:01,DQB1*06:03,DQB1*02:01,DPA1*01:03,DPA1*02:01,DPB1*04:01,DPB1*01:01
SRR10898318,DRB1*03:01,DRB1*07:01,DQA1*02:01,DQA1*05:01,DQB1*02:01,DQB1*02:02,DPA1*01:03,,DPB1*04:02,DPB1*04:01
SRR10898319,DRB1*11:01,DRB1*14:54,DQA1*05:05,DQA1*01:04,DQB1*03:01,DQB1*05:03,DPA1*01:03,,DPB1*02:01,DPB1*04:01
SRR10898320,DRB1*11:04,DRB1*07:01,DQA1*02:01,DQA1*05:05,DQB1*03:01,DQB1*02:02,DPA1*01:03,,DPB1*04:02,DPB1*04:01
SRR10898321,DRB1*15:01,,DQA1*01:02,,DQB1*06:02,,DPA1*01:03,,DPB1*03:01,
SRR10898322,DRB1*11:01,DRB1*14:54,DQA1*01:04,DQA1*05:05,DQB1*05:03,DQB1*03:01,DPA1*01:03,,DPB1*04:02,DPB1*04:01
SRR10898323,DRB1*11:01,DRB1*14:54,DQA1*05:05,DQA1*01:04,DQB1*03:01,DQB1*05:03,DPA1*01:03,,DPB1*02:01,DPB1*04:01
SRR10898324,DRB1*07:01,,DQA1*02:01,,DQB1*03:03,DQB1*02:02,DPA1*02:01,DPA1*02:06,DPB1*17:01,DPB1*05:01
SRR10898325,DRB1*13:01,DRB1*08:77,DQA1*01:03,DQA1*04:01,DQB1*06:03,DQB1*04:02,DPA1*01:03,,DPB1*04:01,DPB1*04:02
SRR10898326,DRB1*11:01,DRB1*14:54,DQA1*01:04,DQA1*05:05,DQB1*05:03,DQB1*03:01,DPA1*01:03,DPA1*02:01,DPB1*13:01,DPB1*04:01
SRR10898327,DRB1*04:01,DRB1*13:01,DQA1*01:03,DQA1*03:03,DQB1*06:03,DQB1*03:01,DPA1*01:03,,DPB1*04:02,
SRR10898329,DRB1*11:01,DRB1*14:54,DQA1*01:04,DQA1*05:05,DQB1*03:01,DQB1*05:03,DPA1*01:03,DPA1*02:01,DPB1*04:01,DPB1*13:01
SRR10898346,DRB1*04:02,DRB1*13:01,DQA1*01:03,DQA1*03:01,DQB1*06:03,DQB1*03:02,DPA1*01:03,,DPB1*02:01,DPB1*04:01
SRR10898348,DRB1*11:03,DRB1*14:04,DQA1*05:05,DQA1*01:04,DQB1*03:01,DQB1*05:03,DPA1*01:03,,DPB1*04:01,DPB1*02:01
SRR10898351,DRB1*13:01,DRB1*04:01,DQA1*01:03,DQA1*03:03,DQB1*06:03,DQB1*03:01,DPA1*01:03,,DPB1*04:01,
SRR10898352,DRB1*04:02,DRB1*13:01,DQA1*01:03,DQA1*03:01,DQB1*06:03,DQB1*03:02,DPA1*01:03,,DPB1*02:01,DPB1*04:01
SRR10898353,DRB1*15:01,DRB1*13:03,DQA1*01:02,DQA1*05:05,DQB1*06:02,DQB1*03:01,DPA1*01:03,,DPB1*02:01,DPB1*04:01
SRR10898354,DRB1*01:01,,DQA1*01:01,,DQB1*05:01,,DPA1*01:03,,DPB1*02:01,DPB1*04:01
SRR10898355,DRB1*04:07,DRB1*16:01,DQA1*01:02,DQA1*03:03,DQB1*03:01,DQB1*05:02,DPA1*02:02,DPA1*01:03,DPB1*04:01,DPB1*04:02
SRR10898356,DRB1*04:01,DRB1*07:01,DQA1*02:01,DQA1*03:01,DQB1*03:02,DQB1*02:02,DPA1*01:03,,DPB1*04:01,
SRR10898357,DRB1*15:01,DRB1*11:01,DQA1*01:02,DQA1*05:05,DQB1*06:02,DQB1*03:01,DPA1*01:03,DPA1*01:03,DPB1*02:01,DPB1*04:01
SRR10898358,DRB1*01:01,,DQA1*01:01,,DQB1*05:01,,DPA1*01:03,,DPB1*02:01,DPB1*04:01
SRR10898359,DRB1*13:02,DRB1*01:01,DQA1*01:02,DQA1*01:01,DQB1*06:04,DQB1*05:01,DPA1*01:03,,DPB1*03:01,DPB1*04:01
SRR10898361,DRB1*15:01,DRB1*01:01,DQA1*01:02,DQA1*01:01,DQB1*06:02,DQB1*05:01,DPA1*01:03,,DPB1*03:01,DPB1*04:01
SRR10898362,DRB1*03:01,DRB1*04:01,DQA1*05:01,,DQB1*02:01,DQB1*03:457,DPA1*01:03,,DPB1*04:01,
SRR10898365,DRB1*15:01,DRB1*11:01,DQA1*01:02,DQA1*05:05,DQB1*05:01,DQB1*03:01,DPA1*01:03,,DPB1*04:01,
SRR10898368,DRB1*15:01,DRB1*01:02,DQA1*01:01,DQA1*01:02,DQB1*06:02,DQB1*05:01,DPA1*01:03,,DPB1*02:01,DPB1*04:01
SRR10898369,DRB1*07:01,DRB1*12:01,DQA1*05:05,DQA1*02:01,DQB1*03:01,DQB1*02:02,DPA1*01:03,,DPB1*02:01,DPB1*04:01
SRR10898370,DRB1*15:01,DRB1*11:01,DQA1*01:02,DQA1*05:05,DQB1*06:02,DQB1*03:01,DPA1*01:03,,DPB1*02:01,DPB1*04:01
SRR10898371,DRB1*11:04,DRB1*11:01,DQA1*05:05,,DQB1*03:01,,DPA1*01:03,,DPB1*02:01,DPB1*04:02
SRR10898372,DRB1*13:01,DRB1*04:02,DQA1*01:03,DQA1*03:01,DQB1*06:03,DQB1*03:02,DPA1*01:03,,DPB1*04:02,DPB1*04:01
SRR10898373,DRB1*15:01,DRB1*13:01,DQA1*01:02,DQA1*01:03,DQB1*06:02,DQB1*05:01,DPA1*01:03,DPA1*02:01,DPB1*02:01,DPB1*09:01
SRR10898374,DRB1*15:01,DRB1*07:01,DQA1*01:02,DQA1*02:01,DQB1*06:02,DQB1*02:02,DPA1*01:03,,DPB1*04:01,
SRR10898375,DRB1*11:04,DRB1*11:01,DQA1*05:05,,DQB1*03:01,,DPA1*01:03,,DPB1*04:02,DPB1*02:01
SRR10898857,DRB1*01:01,DRB1*13:01,DQA1*01:01,DQA1*01:03,DQB1*06:03,DQB1*05:01,DPA1*01:03,DPA1*02:01,DPB1*04:02,DPB1*17:01
SRR10898875,DRB1*16:01,DRB1*13:01,DQA1*01:02,DQA1*01:03,DQB1*06:03,DQB1*05:02,DPA1*01:03,,DPB1*04:02,DPB1*02:01
SRR10898877,DRB1*16:01,DRB1*04:07,DQA1*01:02,DQA1*03:03,DQB1*05:02,DQB1*03:01,DPA1*01:03,DPA1*02:02,DPB1*04:02,DPB1*04:01
SRR10898894,DRB1*15:01,,DQA1*01:02,,DQB1*06:02,,DPA1*01:03,,DPB1*03:01,
SRR10898895,DRB1*07:01,,DQA1*02:01,,DQB1*03:03,DQB1*02:02,DPA1*02:01,DPA1*02:06,DPB1*05:01,DPB1*17:01
SRR10898928,DRB1*15:01,,DQA1*01:02,,DQB1*06:02,,DPA1*01:03,,DPB1*03:01,DPB1*04:01
SRR10898936,DRB1*08:04,DRB1*07:01,DQA1*04:01,DQA1*02:01,DQB1*02:02,DQB1*04:02,DPA1*01:03,,DPB1*04:01,DPB1*02:01
SRR10898937,DRB1*13:01,DRB1*03:01,DQA1*01:03,DQA1*05:01,DQB1*06:03,DQB1*02:01,DPA1*01:03,DPA1*02:01,DPB1*04:01,DPB1*01:01
SRR10898950,DRB1*15:01,DRB1*01:01,DQA1*01:02,DQA1*01:01,DQB1*06:02,DQB1*05:01,DPA1*01:03,,DPB1*04:01,DPB1*03:01
SRR10898951,DRB1*15:01,DRB1*07:01,DQA1*01:02,DQA1*02:01,DQB1*06:02,DQB1*02:02,DPA1*01:03,,DPB1*04:01,
SRR10898952,DRB1*13:01,DRB1*04:01,DQA1*01:03,DQA1*03:03,DQB1*06:03,DQB1*03:01,DPA1*01:03,,DPB1*04:01,
SRR10898953,DRB1*15:01,,DQA1*01:02,,DQB1*06:02,,DPA1*01:03,,DPB1*04:01,DPB1*03:01
SRR10898954,DRB1*04:01,DRB1*13:01,DQA1*03:03,DQA1*01:03,DQB1*03:01,DQB1*06:03,DPA1*01:03,,DPB1*04:02,
SRR10898955,DRB1*16:01,DRB1*04:01,DQA1*01:02,DQA1*03:01,DQB1*05:02,DQB1*03:02,DPA1*01:03,,DPB1*04:02,DPB1*04:01
SRR10898956,DRB1*04:01,DRB1*04:03,DQA1*03:01,DQA1*03:03,DQB1*03:02,DQB1*03:01,DPA1*01:03,,DPB1*02:01,DPB1*14:01
SRR10898957,DRB1*03:01,DRB1*07:01,DQA1*05:01,DQA1*02:01,DQB1*02:01,DQB1*02:02,DPA1*01:03,,DPB1*04:02,DPB1*126:01
SRR10898958,DRB1*16:01,DRB1*13:01,DQA1*01:02,DQA1*01:03,DQB1*06:03,DQB1*05:02,DPA1*01:03,,DPB1*04:02,DPB1*02:01
SRR10898959,DRB1*04:01,DRB1*03:01,DQA1*03:01,DQA1*05:01,DQB1*03:02,DQB1*02:01,DPA1*01:03,,DPB1*04:01,
SRR10898960,DRB1*13:01,DRB1*08:77,DQA1*01:10,DQA1*04:01,DQB1*06:03,DQB1*04:02,DPA1*01:03,DPA1*02:01,DPB1*04:01,
SRR10898961,DRB1*07:01,DRB1*11:01,DQA1*02:01,DQA1*05:05,DQB1*02:02,DQB1*03:01,DPA1*01:03,,DPB1*06:01,DPB1*04:02
SRR10899006,DRB1*15:01,DRB1*11:01,DQA1*01:02,DQA1*05:05,DQB1*06:02,DQB1*03:01,DPA1*01:03,,DPB1*02:01,DPB1*04:01
SRR10899112,DRB1*01:01,DRB1*03:01,DQA1*01:01,DQA1*05:01,DQB1*05:01,DQB1*02:01,DPA1*01:03,DPA1*02:01,DPB1*09:01,DPB1*04:01
SRR10899113,DRB1*01:01,DRB1*03:01,DQA1*01:01,DQA1*05:01,DQB1*05:01,DQB1*02:01,DPA1*01:03,DPA1*02:01,DPB1*09:01,DPB1*04:01
SRR10899114,DRB1*04:01,DRB1*08:77,DQA1*03:03,DQA1*04:01,DQB1*03:01,DQB1*04:02,DPA1*01:03,,DPB1*04:01,DPB1*02:01
SRR10899115,DRB1*04:01,DRB1*04:03,DQA1*03:01,DQA1*03:03,DQB1*03:02,DQB1*03:01,DPA1*01:03,,DPB1*02:01,DPB1*14:01
SRR10899116,DRB1*11:04,DRB1*07:01,DQA1*02:01,DQA1*05:05,DQB1*03:01,DQB1*02:02,DPA1*01:03,,DPB1*02:01,DPB1*04:01
SRR10899117,DRB1*13:01,DRB1*08:77,DQA1*01:03,DQA1*04:01,DQB1*06:03,DQB1*04:02,DPA1*01:03,,DPB1*04:02,DPB1*04:01
SRR10899118,DRB1*11:04,DRB1*04:05,DQA1*05:05,DQA1*03:03,DQB1*03:01,DQB1*02:02,DPA1*01:03,,DPB1*04:02,DPB1*104:01
SRR10899119,DRB1*11:03,DRB1*14:04,DQA1*01:04,DQA1*05:05,DQB1*05:03,DQB1*03:01,DPA1*01:03,,DPB1*02:01,DPB1*04:01
SRR10899120,DRB1*13:01,DRB1*04:02,DQA1*01:03,DQA1*03:01,DQB1*06:03,DQB1*03:02,DPA1*01:03,,DPB1*04:02,DPB1*04:01
SRR10899121,DRB1*08:77,DRB1*13:01,DQA1*01:10,DQA1*04:01,DQB1*06:03,DQB1*04:02,DPA1*01:03,DPA1*02:01,DPB1*04:01,
SRR10899122,DRB1*04:01,DRB1*01:01,DQA1*01:01,DQA1*03:03,DQB1*03:01,DQB1*05:01,DPA1*01:03,,DPB1*04:02,
SRR10899123,DRB1*13:01,DRB1*04:04,DQA1*01:03,DQA1*03:01,DQB1*06:03,DQB1*03:02,DPA1*01:03,,DPB1*04:01,DPB1*03:01
SRR10899124,DRB1*04:04,DRB1*13:01,DQA1*01:03,DQA1*03:01,DQB1*06:03,DQB1*03:02,DPA1*01:03,,DPB1*03:01,DPB1*04:01
SRR10899676,DRB1*11:04,DRB1*12:01,DQA1*05:05,,DQB1*03:01,,DPA1*01:03,DPA1*02:01,DPB1*04:02,DPB1*17:01
SRR10899683,DRB1*11:04,DRB1*04:04,DQA1*03:01,DQA1*05:05,DQB1*03:02,DQB1*03:01,DPA1*01:03,,DPB1*06:01,DPB1*104:01
SRR10899699,DRB1*04:01,DRB1*03:01,DQA1*05:01,DQA1*03:03,DQB1*03:01,DQB1*02:01,DPA1*01:03,DPA1*02:01,DPB1*04:01,DPB1*01:01
SRR10899713,DRB1*13:01,DRB1*13:02,DQA1*01:03,DQA1*01:02,DQB1*06:03,DQB1*06:04,DPA1*01:03,,DPB1*04:01,DPB1*03:01
SRR10899715,DRB1*15:01,DRB1*13:01,DQA1*01:02,DQA1*01:03,DQB1*06:02,DQB1*06:03,DPA1*01:03,,DPB1*04:01,DPB1*02:01
SRR10899753,DRB1*07:01,DRB1*04:05,DQA1*02:01,DQA1*03:03,DQB1*02:02,DQB1*03:02,DPA1*01:03,,DPB1*04:02,DPB1*04:01
SRR10899754,DRB1*15:01,DRB1*07:01,DQA1*01:02,DQA1*02:01,DQB1*06:02,DQB1*03:03,DPA1*01:03,,DPB1*04:01,
SRR10899771,DRB1*16:01,DRB1*15:01,DQA1*01:02,DQA1*01:02,DQB1*05:02,DQB1*06:02,DPA1*01:03,,DPB1*04:01,
SRR10899780,DRB1*15:01,DRB1*13:01,DQA1*01:02,DQA1*01:03,DQB1*06:02,DQB1*06:03,DPA1*01:03,,DPB1*04:01,
SRR10899791,DRB1*01:01,DRB1*07:01,DQA1*01:01,DQA1*02:01,DQB1*05:01,DQB1*03:03,DPA1*01:03,DPA1*02:01,DPB1*04:02,DPB1*13:01
SRR10899802,DRB1*07:01,DRB1*01:01,DQA1*01:01,DQA1*02:01,DQB1*03:03,DQB1*05:01,DPA1*01:03,DPA1*02:01,DPB1*13:01,DPB1*04:02
SRR10899803,DRB1*13:01,DRB1*07:01,DQA1*01:03,DQA1*02:01,DQB1*06:03,DQB1*02:02,DPA1*01:03,,DPB1*04:02,DPB1*04:01
SRR10899804,DRB1*15:01,DRB1*07:01,DQA1*01:02,DQA1*02:01,DQB1*06:02,DQB1*03:03,DPA1*01:03,,DPB1*04:01,
SRR10899805,DRB1*01:01,DRB1*07:01,DQA1*01:01,DQA1*02:01,DQB1*05:01,DQB1*02:02,DPA1*01:03,DPA1*02:01,DPB1*01:01,DPB1*04:01
SRR10899806,DRB1*15:01,DRB1*03:01,DQA1*01:02,DQA1*05:01,DQB1*06:02,DQB1*02:01,DPA1*01:03,,DPB1*04:01,
SRR10899807,DRB1*15:02,DRB1*07:01,DQA1*01:03,DQA1*02:01,DQB1*06:01,DQB1*02:02,DPA1*01:03,,DPB1*02:01,DPB1*04:01
SRR10899808,DRB1*07:01,,DQA1*02:01,,DQB1*03:03,DQB1*02:02,DPA1*01:03,,DPB1*04:01,
SRR10899809,DRB1*11:04,DRB1*12:01,DQA1*05:05,,DQB1*03:01,,DPA1*01:03,DPA1*02:01,DPB1*04:02,DPB1*17:01
SRR10899811,DRB1*13:01,DRB1*11:01,DQA1*01:03,DQA1*05:05,DQB1*06:03,DQB1*03:01,DPA1*01:03,DPA1*02:07,DPB1*04:01,DPB1*19:01
SRR10899812,DRB1*04:01,DRB1*03:01,DQA1*05:01,DQA1*03:03,DQB1*03:01,DQB1*02:01,DPA1*01:03,DPA1*02:01,DPB1*01:01,DPB1*04:01
SRR10899813,DRB1*04:04,DRB1*11:04,DQA1*03:01,DQA1*05:05,DQB1*03:02,DQB1*03:01,DPA1*01:03,,DPB1*06:01,DPB1*104:01
SRR10899814,DRB1*11:04,DRB1*11:01,DQA1*05:05,,DQB1*03:01,,DPA1*01:03,DPA1*02:01,DPB1*04:02,DPB1*17:01
SRR10899815,DRB1*07:01,DRB1*16:01,DQA1*02:01,DQA1*01:02,DQB1*05:02,DQB1*03:03,DPA1*01:03,,DPB1*03:01,DPB1*1231:01
SRR10899816,DRB1*15:01,DRB1*16:01,DQA1*01:02,DQA1*01:02,DQB1*06:02,DQB1*05:02,DPA1*01:03,,DPB1*04:01,
SRR10899817,DRB1*01:01,,DQA1*01:01,,DQB1*05:01,,DPA1*01:03,,DPB1*03:01,DPB1*1037:01
SRR10899818,DRB1*16:01,DRB1*07:01,DQA1*01:02,DQA1*02:01,DQB1*05:02,DQB1*02:02,DPA1*01:03,,DPB1*04:01,
SRR10899819,DRB1*11:01,DRB1*07:01,DQA1*05:05,DQA1*02:01,DQB1*02:02,DQB1*03:01,DPA1*01:03,DPA1*02:01,DPB1*04:01,DPB1*17:01
SRR10899820,DRB1*01:01,DRB1*03:01,DQA1*01:01,DQA1*05:01,DQB1*05:01,DQB1*02:01,DPA1*01:03,DPA1*02:01,DPB1*01:01,DPB1*04:01
SRR10899821,DRB1*11:04,DRB1*07:01,DQA1*02:01,DQA1*05:05,DQB1*03:03,DQB1*03:01,DPA1*01:03,,DPB1*02:01,DPB1*04:01
SRR10899822,DRB1*15:02,DRB1*15:01,DQA1*01:02,DQA1*01:03,DQB1*06:02,DQB1*06:01,DPA1*01:03,DPA1*02:01,DPB1*13:01,DPB1*03:01
SRR10899823,DRB1*04:01,DRB1*11:04,DQA1*03:01,DQA1*05:05,DQB1*03:02,DQB1*03:01,DPA1*01:03,DPA1*02:01,DPB1*02:01,DPB1*834:01
SRR10899824,DRB1*07:01,DRB1*16:01,DQA1*01:02,DQA1*02:01,DQB1*02:02,DQB1*05:02,DPA1*01:03,,DPB1*04:01,
SRR10899825,DRB1*16:01,DRB1*07:01,DQA1*01:02,DQA1*02:01,DQB1*05:02,DQB1*03:03,DPA1*01:03,,DPB1*03:01,DPB1*04:01
SRR10899826,DRB1*13:01,DRB1*07:01,DQA1*01:03,DQA1*02:01,DQB1*06:03,DQB1*02:02,DPA1*01:03,,DPB1*04:01,DPB1*04:02
SRR10899827,DRB1*13:01,DRB1*15:01,DQA1*01:03,DQA1*01:02,DQB1*06:03,DQB1*06:02,DPA1*01:03,,DPB1*04:01,
SRR10899828,DRB1*11:01,DRB1*03:01,DQA1*05:01,DQA1*05:05,DQB1*02:01,DQB1*03:01,DPA1*01:03,DPA1*02:01,DPB1*01:01,DPB1*04:01
SRR10899829,DRB1*11:04,DRB1*07:01,DQA1*05:05,DQA1*02:01,DQB1*03:03,DQB1*03:01,DPA1*01:03,,DPB1*04:01,DPB1*02:01
SRR10899830,DRB1*04:02,DRB1*11:01,DQA1*03:01,DQA1*05:05,DQB1*03:02,DQB1*03:01,DPA1*01:03,,DPB1*04:01,
SRR10899831,DRB1*11:01,DRB1*07:01,DQA1*02:01,DQA1*05:05,DQB1*02:02,DQB1*03:01,DPA1*01:03,DPA1*02:01,DPB1*17:01,DPB1*04:01
SRR10899832,DRB1*01:01,,DQA1*01:01,,DQB1*05:01,,DPA1*01:03,DPA1*02:01,DPB1*04:01,DPB1*14:01
SRR10899833,DRB1*11:01,DRB1*03:01,DQA1*05:01,DQA1*05:05,DQB1*03:01,DQB1*02:01,DPA1*01:03,,DPB1*04:01,DPB1*02:01
SRR10899834,DRB1*07:01,,DQA1*02:01,,DQB1*02:02,DQB1*03:03,DPA1*01:03,,DPB1*04:01,
SRR10899835,DRB1*01:01,DRB1*13:01,DQA1*01:01,DQA1*01:03,DQB1*06:03,DQB1*05:01,DPA1*01:03,,DPB1*02:01,DPB1*03:01
SRR10899836,DRB1*11:01,DRB1*03:01,DQA1*05:01,DQA1*05:05,DQB1*03:01,DQB1*02:01,DPA1*01:03,DPA1*02:01,DPB1*02:01,DPB1*01:01
SRR10899837,DRB1*13:01,DRB1*13:02,DQA1*01:03,DQA1*01:02,DQB1*06:03,DQB1*06:04,DPA1*01:03,,DPB1*04:01,DPB1*03:01
SRR10899838,DRB1*11:04,DRB1*11:01,DQA1*05:05,,DQB1*03:01,,DPA1*01:03,DPA1*02:01,DPB1*04:02,DPB1*17:01
SRR10899839,DRB1*03:01,DRB1*11:01,DQA1*05:01,DQA1*05:05,DQB1*02:01,DQB1*03:01,DPA1*02:01,DPA1*01:03,DPB1*01:01,DPB1*04:01
SRR10899840,DRB1*01:01,,DQA1*01:01,,DQB1*05:01,,DPA1*01:03,,DPB1*104:01,DPB1*04:02
SRR10899899,DRB1*15:01,DRB1*13:01,DQA1*01:02,DQA1*01:03,DQB1*06:02,DQB1*06:03,DPA1*01:03,,DPB1*04:01,DPB1*02:01
SRR10899900,DRB1*04:01,DRB1*03:01,DQA1*05:01,DQA1*03:03,DQB1*03:01,DQB1*02:01,DPA1*01:03,DPA1*02:01,DPB1*04:01,DPB1*01:01
SRR10899919,DRB1*11:01,DRB1*07:01,DQA1*02:01,DQA1*05:05,DQB1*03:01,DQB1*02:02,DPA1*01:03,DPA1*02:01,DPB1*04:01,DPB1*17:01
SRR10899920,DRB1*15:01,DRB1*16:01,DQA1*01:02,DQA1*01:02,DQB1*06:02,DQB1*05:02,DPA1*01:03,,DPB1*04:01,
SRR10899941,DRB1*13:02,DRB1*11:04,DQA1*01:02,DQA1*05:05,DQB1*06:280,DQB1*03:01,DPA1*01:03,DPA1*02:01,DPB1*02:01,DPB1*17:01
SRR10899942,DRB1*04:01,DRB1*11:04,DQA1*03:01,DQA1*05:05,DQB1*03:02,DQB1*03:01,DPA1*01:03,DPA1*02:01,DPB1*02:01,DPB1*834:01
SRR10899943,DRB1*04:01,DRB1*03:01,DQA1*05:01,DQA1*03:03,DQB1*03:01,DQB1*02:01,DPA1*01:03,DPA1*02:01,DPB1*04:01,DPB1*01:01
SRR10899954,DRB1*11:04,DRB1*13:02,DQA1*01:02,DQA1*05:05,DQB1*03:01,DQB1*06:280,DPA1*01:03,DPA1*02:01,DPB1*02:01,DPB1*17:01
SRR10899956,DRB1*01:01,,DQA1*01:01,,DQB1*05:01,,DPA1*01:03,DPA1*02:01,DPB1*04:01,DPB1*14:01
SRR10899961,DRB1*03:01,DRB1*14:54,DQA1*01:04,DQA1*05:01,DQB1*05:03,DQB1*02:01,DPA1*01:03,DPA1*02:01,DPB1*01:01,DPB1*03:01
SRR10899962,DRB1*15:01,DRB1*03:01,DQA1*01:02,DQA1*05:01,DQB1*06:02,DQB1*02:01,DPA1*01:03,,DPB1*04:01,
SRR10899963,DRB1*11:01,DRB1*03:01,DQA1*05:01,DQA1*05:05,DQB1*02:01,DQB1*03:01,DPA1*01:03,DPA1*02:01,DPB1*02:01,DPB1*01:01
SRR10899964,DRB1*11:01,DRB1*04:02,DQA1*05:05,DQA1*03:01,DQB1*03:02,DQB1*03:01,DPA1*01:03,,DPB1*04:01,
SRR10899965,DRB1*13:01,DRB1*01:01,DQA1*01:03,DQA1*01:01,DQB1*06:03,DQB1*05:01,DPA1*01:03,,DPB1*02:01,DPB1*03:01
SRR10899966,DRB1*15:01,DRB1*16:01,DQA1*01:02,DQA1*01:02,DQB1*06:02,DQB1*05:02,DPA1*01:03,,DPB1*04:01,
SRR10899968,DRB1*11:01,DRB1*03:01,DQA1*05:01,DQA1*05:05,DQB1*03:01,DQB1*02:01,DPA1*01:03,,DPB1*02:01,DPB1*04:01
SRR10899969,DRB1*07:01,DRB1*04:05,DQA1*02:01,DQA1*03:03,DQB1*03:02,DQB1*02:02,DPA1*01:03,,DPB1*04:02,DPB1*04:01
SRR10899970,DRB1*03:01,DRB1*14:54,DQA1*01:04,DQA1*05:01,DQB1*02:01,DQB1*05:03,DPA1*01:03,DPA1*02:01,DPB1*01:01,DPB1*03:01
SRR10899971,DRB1*15:02,DRB1*07:01,DQA1*01:03,DQA1*02:01,DQB1*06:01,DQB1*02:02,DPA1*01:03,,DPB1*02:01,DPB1*04:01
SRR10899972,DRB1*01:01,DRB1*07:01,DQA1*01:01,DQA1*02:01,DQB1*05:01,DQB1*02:02,DPA1*01:03,DPA1*02:01,DPB1*04:01,DPB1*01:01
SRR11080170,DRB1*11:01,DRB1*07:01,DQA1*02:01,DQA1*05:05,DQB1*03:01,DQB1*02:02,DPA1*01:03,DPA1*02:01,DPB1*04:01,DPB1*17:01
SRR11080191,DRB1*13:01,DRB1*11:01,DQA1*01:03,DQA1*05:05,DQB1*06:03,DQB1*03:01,DPA1*01:03,DPA1*02:07,DPB1*19:01,DPB1*04:01
SRR11080225,DRB1*13:01,DRB1*01:01,DQA1*01:03,DQA1*01:01,DQB1*06:03,DQB1*05:01,DPA1*01:03,DPA1*02:01,DPB1*04:02,DPB1*17:01
SRR11080226,DRB1*01:01,DRB1*03:01,DQA1*01:01,DQA1*05:01,DQB1*05:01,DQB1*02:01,DPA1*01:03,DPA1*02:01,DPB1*01:01,DPB1*04:01
