HLA-DPAB*01:03_01:01,HLA-DPAB*01:03_02:01,HLA-DPAB*01:03_03:01,HLA-DPAB*01:03_04:01,HLA-DPAB*01:03_04:02,HLA-DPAB*01:03_13:01,HLA-DPAB*01:03_17:01,HLA-DPAB*02:01_01:01,HLA-DPAB*02:01_02:01,HLA-DPAB*02:01_03:01,HLA-DPAB*02:01_04:01,HLA-DPAB*02:01_04:02,HLA-DPAB*02:01_05:01,HLA-DPAB*02:01_13:01,HLA-DPAB*02:01_17:01,HLA-DPAB*02:02_01:01,HLA-DPAB*02:02_04:01,HLA-DPAB*02:02_04:02,HLA-DQAB*01:01_02:01,HLA-DQAB*01:01_02:02,HLA-DQAB*01:01_03:01,HLA-DQAB*01:01_03:02,HLA-DQAB*01:01_03:03,HLA-DQAB*01:01_04:02,HLA-DQAB*01:01_05:01,HLA-DQAB*01:01_06:02,HLA-DQAB*01:01_06:03,HLA-DQAB*01:01_06:04,HLA-DQAB*01:02_02:01,HLA-DQAB*01:02_02:02,HLA-DQAB*01:02_03:01,HLA-DQAB*01:02_03:02,HLA-DQAB*01:02_03:03,HLA-DQAB*01:02_05:01,HLA-DQAB*01:02_05:02,HLA-DQAB*01:02_05:03,HLA-DQAB*01:02_06:01,HLA-DQAB*01:02_06:02,HLA-DQAB*01:02_06:03,HLA-DQAB*01:02_06:04,HLA-DQAB*01:02_06:09,HLA-DQAB*01:03_02:01,HLA-DQAB*01:03_02:02,HLA-DQAB*01:03_03:01,HLA-DQAB*01:03_03:02,HLA-DQAB*01:03_04:02,HLA-DQAB*01:03_05:01,HLA-DQAB*01:03_05:02,HLA-DQAB*01:03_05:03,HLA-DQAB*01:03_06:01,HLA-DQAB*01:03_06:02,HLA-DQAB*01:03_06:03,HLA-DQAB*01:03_06:04,HLA-DQAB*01:03_06:09,HLA-DQAB*01:04_02:01,HLA-DQAB*01:04_03:01,HLA-DQAB*01:04_05:03,HLA-DQAB*01:04_06:01,HLA-DQAB*01:04_06:02,HLA-DQAB*01:05_02:01,HLA-DQAB*01:05_05:01,HLA-DQAB*02:01_02:01,HLA-DQAB*02:01_02:02,HLA-DQAB*02:01_03:01,HLA-DQAB*02:01_03:02,HLA-DQAB*02:01_03:03,HLA-DQAB*02:01_04:02,HLA-DQAB*02:01_05:01,HLA-DQAB*02:01_05:02,HLA-DQAB*02:01_06:01,HLA-DQAB*02:01_06:02,HLA-DQAB*02:01_06:03,HLA-DQAB*03:01_02:02,HLA-DQAB*03:01_03:01,HLA-DQAB*03:01_03:02,HLA-DQAB*03:01_05:01,HLA-DQAB*03:01_05:02,HLA-DQAB*03:01_06:02,HLA-DQAB*03:01_06:03,HLA-DQAB*03:01_06:04,HLA-DQAB*03:02_02:01,HLA-DQAB*03:02_03:03,HLA-DQAB*03:03_02:01,HLA-DQAB*03:03_02:02,HLA-DQAB*03:03_03:01,HLA-DQAB*03:03_03:02,HLA-DQAB*03:03_04:02,HLA-DQAB*03:03_05:01,HLA-DQAB*03:03_05:02,HLA-DQAB*03:03_06:02,HLA-DQAB*03:03_06:03,HLA-DQAB*04:01_02:02,HLA-DQAB*04:01_03:01,HLA-DQAB*04:01_04:02,HLA-DQAB*04:01_05:01,HLA-DQAB*04:01_06:03,HLA-DQAB*05:01_02:01,HLA-DQAB*05:01_02:02,HLA-DQAB*05:01_03:01,HLA-DQAB*05:01_03:03,HLA-DQAB*05:01_05:01,HLA-DQAB*05:01_05:03,HLA-DQAB*05:01_06:02,HLA-DQAB*05:01_06:03,HLA-DQAB*05:05_02:01,HLA-DQAB*05:05_02:02,HLA-DQAB*05:05_03:01,HLA-DQAB*05:05_03:02,HLA-DQAB*05:05_03:03,HLA-DQAB*05:05_04:02,HLA-DQAB*05:05_05:01,HLA-DQAB*05:05_05:02,HLA-DQAB*05:05_05:03,HLA-DQAB*05:05_06:01,HLA-DQAB*05:05_06:02,HLA-DRB1*01:01,HLA-DRB1*01:02,HLA-DRB1*03:01,HLA-DRB1*04:01,HLA-DRB1*04:02,HLA-DRB1*04:04,HLA-DRB1*04:05,HLA-DRB1*04:07,HLA-DRB1*07:01,HLA-DRB1*08:01,HLA-DRB1*08:04,HLA-DRB1*09:01,HLA-DRB1*10:01,HLA-DRB1*11:01,HLA-DRB1*11:03,HLA-DRB1*11:04,HLA-DRB1*12:01,HLA-DRB1*13:01,HLA-DRB1*13:02,HLA-DRB1*13:03,HLA-DRB1*14:01,HLA-DRB1*14:04,HLA-DRB1*14:54,HLA-DRB1*15:01,HLA-DRB1*15:02,HLA-DRB1*16:01
238,211,220,221,215,223,215,229,202,211,212,206,217,214,206,224,207,201,81,81,65,67,61,54,43,39,38,43,83,83,67,69,63,45,46,43,48,41,40,45,50,86,86,70,72,59,48,49,46,51,44,43,48,53,81,65,41,46,39,81,43,91,91,75,77,71,64,53,54,56,49,48,83,67,69,45,46,41,40,45,83,63,83,83,67,69,56,45,46,41,40,88,72,61,50,45,95,95,79,75,57,55,53,52,95,95,79,81,75,68,57,58,55,60,53,71,67,81,86,82,81,86,81,84,86,81,59,66,87,84,85,70,88,90,94,81,79,81,89,91,87
211,241,207,229,237,205,217,202,232,198,220,228,213,196,208,197,215,223,59,59,61,49,57,60,35,49,41,40,61,61,63,51,59,37,40,46,56,51,43,42,47,64,64,66,54,65,40,43,49,59,54,46,45,50,59,61,44,54,49,59,35,69,69,71,59,67,70,45,48,64,59,51,61,63,51,37,40,51,43,42,61,59,61,61,63,51,62,37,40,51,43,66,68,67,42,48,73,73,75,71,49,58,63,55,73,73,75,63,71,74,49,52,58,68,63,84,73,85,97,94,87,90,94,83,90,87,58,79,100,96,91,65,100,109,96,73,71,73,97,106,100
220,207,238,203,211,223,229,211,198,229,194,202,208,214,220,206,189,197,76,76,74,62,70,63,41,48,47,41,78,78,76,64,72,43,46,52,57,50,49,43,48,81,81,79,67,68,46,49,55,60,53,52,46,51,76,74,50,55,48,76,41,86,86,84,72,80,73,51,54,65,58,57,78,76,64,43,46,50,49,43,78,72,78,78,76,64,65,43,46,50,49,83,81,70,48,54,90,90,88,84,55,64,62,61,90,90,88,76,84,77,55,58,64,69,62,89,85,89,100,92,95,91,95,69,83,87,53,80,93,90,91,63,92,94,89,75,73,75,94,96,94
221,229,203,239,233,207,205,212,220,194,230,224,214,198,196,207,225,219,69,69,53,55,49,49,38,41,33,43,71,71,55,57,51,40,41,38,48,43,35,45,50,74,74,58,60,54,43,44,41,51,46,38,48,53,69,53,36,46,41,69,38,79,79,63,65,59,59,48,49,56,51,43,71,55,57,40,41,43,35,45,71,51,71,71,55,57,51,40,41,43,35,76,60,56,45,40,83,83,67,63,52,50,55,47,83,83,67,69,63,63,52,53,50,60,55,78,67,81,93,82,81,93,88,88,93,81,63,73,94,84,85,70,88,97,101,81,79,81,89,98,94
215,237,211,233,241,201,213,206,228,202,224,232,217,192,204,201,219,227,63,63,61,49,57,57,35,49,41,40,65,65,63,51,59,37,40,46,56,51,43,42,47,68,68,66,54,62,40,43,49,59,54,46,45,50,63,61,44,54,49,63,35,73,73,71,59,67,67,45,48,64,59,51,65,63,51,37,40,51,43,42,65,59,65,65,63,51,59,37,40,51,43,70,68,64,42,48,77,77,75,71,49,58,63,55,77,77,75,63,71,71,49,52,58,68,63,86,75,89,101,90,89,92,96,85,92,89,60,81,102,92,93,67,96,105,100,75,73,75,97,106,102
223,205,223,207,201,236,227,214,196,214,198,192,203,227,218,209,193,187,79,79,67,69,63,59,45,41,40,45,81,81,69,71,65,47,48,45,50,43,42,47,52,84,84,72,74,64,50,51,48,53,46,45,50,55,79,67,43,48,41,79,45,89,89,77,79,73,69,55,56,58,51,50,81,69,71,47,48,43,42,47,81,65,81,81,69,71,61,47,48,43,42,86,74,66,52,47,93,93,81,77,59,57,55,54,93,93,81,83,77,73,59,60,57,62,55,77,73,75,86,90,83,88,83,71,82,77,53,68,83,86,81,66,90,92,88,77,75,77,88,90,84
215,217,229,205,213,227,239,206,208,220,196,204,210,218,230,201,191,199,71,71,73,61,69,65,40,47,46,40,73,73,75,63,71,42,45,51,56,49,48,42,47,76,76,78,66,70,45,48,54,59,52,51,45,50,71,73,49,54,47,71,40,81,81,83,71,79,75,50,53,64,57,56,73,75,63,42,45,49,48,42,73,71,73,73,75,63,67,42,45,49,48,78,80,72,47,53,85,85,87,83,54,63,61,60,85,85,87,75,83,79,54,57,63,68,61,85,81,83,94,98,91,87,91,66,81,85,48,76,91,94,89,63,98,100,87,71,69,71,96,98,92
229,202,211,212,206,214,206,238,211,220,221,215,226,223,215,233,216,210,86,86,70,72,66,59,48,44,43,48,89,89,73,75,69,51,52,49,54,47,46,51,56,92,92,76,78,65,54,55,52,57,50,49,54,59,86,70,46,51,44,86,48,99,99,83,85,79,72,61,62,64,57,56,91,75,77,53,54,49,48,53,91,71,91,91,75,77,64,53,54,49,48,89,73,62,51,46,96,96,80,76,58,56,54,53,96,96,80,82,76,69,58,59,56,61,54,71,67,81,86,82,81,86,81,84,86,81,59,66,87,84,85,70,88,90,94,81,79,81,89,91,87
202,232,198,220,228,196,208,211,241,207,229,237,222,205,217,206,224,232,64,64,66,54,62,65,40,54,46,45,67,67,69,57,65,43,46,52,62,57,49,48,53,70,70,72,60,71,46,49,55,65,60,52,51,56,64,66,49,59,54,64,40,77,77,79,67,75,78,53,56,72,67,59,69,71,59,45,48,59,51,50,69,67,69,69,71,59,70,45,48,59,51,67,69,68,43,49,74,74,76,72,50,59,64,56,74,74,76,64,72,75,50,53,59,69,64,84,73,85,97,94,87,90,94,83,90,87,58,79,100,96,91,65,100,109,96,73,71,73,97,106,100
211,198,229,194,202,214,220,220,207,238,203,211,217,223,229,215,198,206,81,81,79,67,75,68,46,53,52,46,84,84,82,70,78,49,52,58,63,56,55,49,54,87,87,85,73,74,52,55,61,66,59,58,52,57,81,79,55,60,53,81,46,94,94,92,80,88,81,59,62,73,66,65,86,84,72,51,54,58,57,51,86,80,86,86,84,72,73,51,54,58,57,84,82,71,49,55,91,91,89,85,56,65,63,62,91,91,89,77,85,78,56,59,65,70,63,89,85,89,100,92,95,91,95,69,83,87,53,80,93,90,91,63,92,94,89,75,73,75,94,96,94
212,220,194,230,224,198,196,221,229,203,239,233,223,207,205,216,234,228,74,74,58,60,54,54,43,46,38,48,77,77,61,63,57,46,47,44,54,49,41,51,56,80,80,64,66,60,49,50,47,57,52,44,54,59,74,58,41,51,46,74,43,87,87,71,73,67,67,56,57,64,59,51,79,63,65,48,49,51,43,53,79,59,79,79,63,65,59,48,49,51,43,77,61,57,46,41,84,84,68,64,53,51,56,48,84,84,68,70,64,64,53,54,51,61,56,78,67,81,93,82,81,93,88,88,93,81,63,73,94,84,85,70,88,97,101,81,79,81,89,98,94
206,228,202,224,232,192,204,215,237,211,233,241,226,201,213,210,228,236,68,68,66,54,62,62,40,54,46,45,71,71,69,57,65,43,46,52,62,57,49,48,53,74,74,72,60,68,46,49,55,65,60,52,51,56,68,66,49,59,54,68,40,81,81,79,67,75,75,53,56,72,67,59,73,71,59,45,48,59,51,50,73,67,73,73,71,59,67,45,48,59,51,71,69,65,43,49,78,78,76,72,50,59,64,56,78,78,76,64,72,72,50,53,59,69,64,86,75,89,101,90,89,92,96,85,92,89,60,81,102,92,93,67,96,105,100,75,73,75,97,106,102
217,213,208,214,217,203,210,226,222,217,223,226,239,212,219,221,218,221,74,74,67,60,63,63,39,48,40,39,77,77,70,63,66,42,44,46,56,51,43,42,47,80,80,73,66,69,45,47,49,59,54,46,45,50,74,67,43,53,48,74,39,87,87,80,73,76,76,52,54,66,61,53,79,72,65,44,46,53,45,44,79,68,79,79,72,65,68,44,46,53,45,77,70,66,42,43,84,84,77,73,49,53,58,50,84,84,77,70,73,73,49,51,53,63,58,74,70,84,89,85,84,84,84,78,84,84,53,69,90,87,88,67,91,93,92,75,73,75,92,94,90
214,196,214,198,192,227,218,223,205,223,207,201,212,236,227,218,202,196,84,84,72,74,68,64,50,46,45,50,87,87,75,77,71,53,54,51,56,49,48,53,58,90,90,78,80,70,56,57,54,59,52,51,56,61,84,72,48,53,46,84,50,97,97,85,87,81,77,63,64,66,59,58,89,77,79,55,56,51,50,55,89,73,89,89,77,79,69,55,56,51,50,87,75,67,53,48,94,94,82,78,60,58,56,55,94,94,82,84,78,74,60,61,58,63,56,77,73,75,86,90,83,88,83,71,82,77,53,68,83,86,81,66,90,92,88,77,75,77,88,90,84
206,208,220,196,204,218,230,215,217,229,205,213,219,227,239,210,200,208,76,76,78,66,74,70,45,52,51,45,79,79,81,69,77,48,51,57,62,55,54,48,53,82,82,84,72,76,51,54,60,65,58,57,51,56,76,78,54,59,52,76,45,89,89,91,79,87,83,58,61,72,65,64,81,83,71,50,53,57,56,50,81,79,81,81,83,71,75,50,53,57,56,79,81,73,48,54,86,86,88,84,55,64,62,61,86,86,88,76,84,80,55,58,64,69,62,85,81,83,94,98,91,87,91,66,81,85,48,76,91,94,89,63,98,100,87,71,69,71,96,98,92
224,197,206,207,201,209,201,233,206,215,216,210,221,218,210,239,222,216,86,86,70,72,66,59,48,44,43,48,89,89,73,75,69,51,52,49,54,47,46,51,56,92,92,76,78,65,54,55,52,57,50,49,54,59,86,70,46,51,44,86,48,99,99,83,85,79,72,61,62,64,57,56,91,75,77,53,54,49,48,53,91,71,91,91,75,77,64,53,54,49,48,89,73,62,51,46,96,96,80,76,58,56,54,53,96,96,80,82,76,69,58,59,56,61,54,70,66,80,85,81,80,85,80,83,85,80,58,65,86,83,84,69,87,89,93,80,78,80,88,90,86
207,215,189,225,219,193,191,216,224,198,234,228,218,202,200,222,240,234,74,74,58,60,54,54,43,46,38,48,77,77,61,63,57,46,47,44,54,49,41,51,56,80,80,64,66,60,49,50,47,57,52,44,54,59,74,58,41,51,46,74,43,87,87,71,73,67,67,56,57,64,59,51,79,63,65,48,49,51,43,53,79,59,79,79,63,65,59,48,49,51,43,77,61,57,46,41,84,84,68,64,53,51,56,48,84,84,68,70,64,64,53,54,51,61,56,77,66,80,92,81,80,92,87,87,92,80,62,72,93,83,84,69,87,96,100,80,78,80,88,97,93
201,223,197,219,227,187,199,210,232,206,228,236,221,196,208,216,234,242,68,68,66,54,62,62,40,54,46,45,71,71,69,57,65,43,46,52,62,57,49,48,53,74,74,72,60,68,46,49,55,65,60,52,51,56,68,66,49,59,54,68,40,81,81,79,67,75,75,53,56,72,67,59,73,71,59,45,48,59,51,50,73,67,73,73,71,59,67,45,48,59,51,71,69,65,43,49,78,78,76,72,50,59,64,56,78,78,76,64,72,72,50,53,59,69,64,85,74,88,100,89,88,91,95,84,91,88,59,80,101,91,92,66,95,104,99,74,72,74,96,105,101
81,59,76,69,63,79,71,86,64,81,74,68,74,84,76,86,74,68,243,243,192,209,203,183,177,170,175,183,240,240,189,206,200,174,175,172,164,167,172,180,179,236,236,185,202,176,170,171,168,160,163,168,176,175,243,192,175,167,170,243,177,176,176,125,142,136,116,110,111,100,103,108,184,133,150,118,119,111,116,124,184,144,184,184,133,150,124,118,119,111,116,183,132,123,117,115,176,176,125,136,110,108,103,108,176,176,125,142,136,116,110,111,108,100,103,78,76,67,72,67,69,72,64,58,69,66,61,77,68,67,68,74,71,71,75,70,76,70,72,72,65
81,59,76,69,63,79,71,86,64,81,74,68,74,84,76,86,74,68,243,243,192,209,203,183,177,170,175,183,240,240,189,206,200,174,175,172,164,167,172,180,179,236,236,185,202,176,170,171,168,160,163,168,176,175,243,192,175,167,170,243,177,176,176,125,142,136,116,110,111,100,103,108,184,133,150,118,119,111,116,124,184,144,184,184,133,150,124,118,119,111,116,183,132,123,117,115,176,176,125,136,110,108,103,108,176,176,125,142,136,116,110,111,108,100,103,78,76,67,72,67,69,72,64,58,69,66,61,77,68,67,68,74,71,71,75,70,76,70,72,72,65
65,61,74,53,61,67,73,70,66,79,58,66,67,72,78,70,58,66,192,192,251,231,239,203,178,206,205,202,189,189,248,228,236,175,178,184,214,203,202,199,204,185,185,244,224,196,171,174,180,210,199,198,195,200,192,251,187,217,206,192,178,125,125,184,164,172,136,111,114,150,139,138,133,192,172,119,122,147,146,143,133,180,133,133,192,172,144,119,122,147,146,132,191,143,118,145,125,125,184,172,111,120,139,138,125,125,184,164,172,136,111,114,120,150,139,77,75,79,85,84,85,79,91,64,73,79,71,76,78,78,78,52,82,82,80,84,83,84,86,86,82
67,49,62,55,49,69,61,72,54,67,60,54,60,74,66,72,60,54,209,209,231,248,242,200,186,209,208,216,206,206,228,245,239,183,184,181,194,206,205,213,218,202,202,224,241,193,179,180,177,190,202,201,209,214,209,231,184,197,209,209,186,142,142,164,181,175,133,119,120,130,142,141,150,172,189,127,128,150,149,157,150,183,150,150,172,189,141,127,128,150,149,149,171,140,126,148,142,142,164,175,119,117,142,141,142,142,164,181,175,133,119,120,117,130,142,73,71,62,74,73,74,77,80,63,77,74,65,72,66,66,66,66,70,70,77,86,92,86,74,74,70
61,57,70,49,57,63,69,66,62,75,54,62,63,68,74,66,54,62,203,203,239,242,250,208,183,217,216,213,200,200,236,239,247,180,183,189,202,214,213,210,215,196,196,232,235,201,176,179,185,198,210,209,206,211,203,239,192,205,217,203,183,136,136,172,175,183,141,116,119,138,150,149,144,180,183,124,127,158,157,154,144,191,144,144,180,183,149,124,127,158,157,143,179,148,123,156,136,136,172,183,116,125,150,149,136,136,172,175,183,141,116,119,125,138,150,81,79,70,82,81,82,76,88,60,76,82,62,80,74,74,74,63,78,78,76,80,86,80,82,82,78
54,60,63,49,57,59,65,59,65,68,54,62,63,64,70,59,54,62,183,183,203,200,208,249,177,187,179,171,180,180,200,197,205,174,177,183,180,184,176,168,173,176,176,196,193,242,170,173,179,176,180,172,164,169,183,203,186,183,187,183,177,116,116,136,133,141,182,110,113,116,120,112,124,144,141,118,121,128,120,112,124,149,124,124,144,141,190,118,121,128,120,123,143,189,117,119,116,116,136,141,110,119,120,112,116,116,136,133,141,182,110,113,119,116,120,69,67,62,76,81,75,69,74,52,71,77,43,62,70,74,70,54,78,78,73,60,66,60,74,74,74
43,35,41,38,35,45,40,48,40,46,43,40,39,50,45,48,43,40,177,177,178,186,183,177,249,208,218,213,174,174,175,183,180,246,240,239,184,205,215,210,204,170,170,171,179,170,242,236,235,180,201,211,206,200,177,178,242,187,208,177,249,110,110,111,119,116,110,182,176,120,141,151,118,119,127,190,184,149,159,154,118,124,118,118,119,127,118,190,184,149,159,117,118,117,189,158,110,110,111,116,182,175,141,151,110,110,111,119,116,110,182,176,175,120,141,54,50,48,56,59,56,57,55,53,60,59,48,52,52,52,52,61,56,56,61,54,60,54,60,60,56
39,49,48,41,49,41,47,44,54,53,46,54,48,46,52,44,46,54,170,170,206,209,217,187,208,249,241,220,167,167,203,206,214,205,208,214,217,246,238,217,222,163,163,199,202,180,201,204,210,213,242,234,213,218,170,206,217,220,249,170,208,103,103,139,142,150,120,141,144,153,182,174,111,147,150,149,152,190,182,161,111,158,111,111,147,150,128,149,152,190,182,110,146,127,148,181,103,103,139,150,141,150,182,174,103,103,139,142,150,120,141,144,150,153,182,75,71,64,76,79,76,70,82,58,74,80,52,70,72,72,72,59,76,76,74,70,76,70,76,76,76
38,41,47,33,41,40,46,43,46,52,38,46,40,45,51,43,38,46,175,175,205,208,216,179,218,241,251,230,172,172,202,205,213,215,218,224,211,238,248,227,221,168,168,198,201,172,211,214,220,207,234,244,223,217,175,205,227,214,241,175,218,108,108,138,141,149,112,151,154,147,174,184,116,146,149,159,162,182,192,171,116,157,116,116,146,149,120,159,162,182,192,115,145,119,158,191,108,108,138,149,151,160,174,184,108,108,138,141,149,112,151,154,160,147,174,75,71,60,72,75,72,66,78,57,70,76,54,73,68,68,68,66,72,72,70,66,72,66,72,72,72
43,40,41,43,40,45,40,48,45,46,48,45,39,50,45,48,48,45,183,183,202,216,213,171,213,220,230,250,180,180,199,213,210,210,204,203,205,217,227,247,241,176,176,195,209,164,206,200,199,201,213,223,243,237,183,202,206,208,220,183,213,116,116,135,149,146,104,146,140,141,153,163,124,143,157,154,148,161,171,191,124,154,124,124,143,157,112,154,148,161,171,123,142,111,153,170,116,116,135,146,146,139,153,163,116,116,135,149,146,104,146,140,139,141,153,75,62,51,72,62,63,73,78,69,73,63,74,77,64,55,55,69,59,68,73,72,78,72,63,72,68
83,61,78,71,65,81,73,89,67,84,77,71,77,87,79,89,77,71,240,240,189,206,200,180,174,167,172,180,243,243,192,209,203,177,178,175,167,170,175,183,182,239,239,188,205,179,173,174,171,163,166,171,179,178,240,189,172,164,167,240,174,173,173,122,139,133,113,107,108,97,100,105,181,130,147,115,116,108,113,121,181,141,181,181,130,147,121,115,116,108,113,186,135,126,120,118,179,179,128,139,113,111,106,111,179,179,128,145,139,119,113,114,111,103,106,78,76,67,72,67,69,72,64,58,69,66,61,77,68,67,68,74,71,71,75,70,76,70,72,72,65
83,61,78,71,65,81,73,89,67,84,77,71,77,87,79,89,77,71,240,240,189,206,200,180,174,167,172,180,243,243,192,209,203,177,178,175,167,170,175,183,182,239,239,188,205,179,173,174,171,163,166,171,179,178,240,189,172,164,167,240,174,173,173,122,139,133,113,107,108,97,100,105,181,130,147,115,116,108,113,121,181,141,181,181,130,147,121,115,116,108,113,186,135,126,120,118,179,179,128,139,113,111,106,111,179,179,128,145,139,119,113,114,111,103,106,78,76,67,72,67,69,72,64,58,69,66,61,77,68,67,68,74,71,71,75,70,76,70,72,72,65
67,63,76,55,63,69,75,73,69,82,61,69,70,75,81,73,61,69,189,189,248,228,236,200,175,203,202,199,192,192,251,231,239,178,181,187,217,206,205,202,207,188,188,247,227,199,174,177,183,213,202,201,198,203,189,248,184,214,203,189,175,122,122,181,161,169,133,108,111,147,136,135,130,189,169,116,119,144,143,140,130,177,130,130,189,169,141,116,119,144,143,135,194,146,121,148,128,128,187,175,114,123,142,141,128,128,187,167,175,139,114,117,123,153,142,77,75,79,85,84,85,79,91,64,73,79,71,76,78,78,78,52,82,82,80,84,83,84,86,86,82
69,51,64,57,51,71,63,75,57,70,63,57,63,77,69,75,63,57,206,206,228,245,239,197,183,206,205,213,209,209,231,248,242,186,187,184,197,209,208,216,221,205,205,227,244,196,182,183,180,193,205,204,212,217,206,228,181,194,206,206,183,139,139,161,178,172,130,116,117,127,139,138,147,169,186,124,125,147,146,154,147,180,147,147,169,186,138,124,125,147,146,152,174,143,129,151,145,145,167,178,122,120,145,144,145,145,167,184,178,136,122,123,120,133,145,73,71,62,74,73,74,77,80,63,77,74,65,72,66,66,66,66,70,70,77,86,92,86,74,74,70
63,59,72,51,59,65,71,69,65,78,57,65,66,71,77,69,57,65,200,200,236,239,247,205,180,214,213,210,203,203,239,242,250,183,186,192,205,217,216,213,218,199,199,235,238,204,179,182,188,201,213,212,209,214,200,236,189,202,214,200,180,133,133,169,172,180,138,113,116,135,147,146,141,177,180,121,124,155,154,151,141,188,141,141,177,180,146,121,124,155,154,146,182,151,126,159,139,139,175,186,119,128,153,152,139,139,175,178,186,144,119,122,128,141,153,81,79,70,82,81,82,76,88,60,76,82,62,80,74,74,74,63,78,78,76,80,86,80,82,82,78
45,37,43,40,37,47,42,51,43,49,46,43,42,53,48,51,46,43,174,174,175,183,180,174,246,205,215,210,177,177,178,186,183,249,243,242,187,208,218,213,207,173,173,174,182,173,245,239,238,183,204,214,209,203,174,175,239,184,205,174,246,107,107,108,116,113,107,179,173,117,138,148,115,116,124,187,181,146,156,151,115,121,115,115,116,124,115,187,181,146,156,120,121,120,192,161,113,113,114,119,185,178,144,154,113,113,114,122,119,113,185,179,178,123,144,54,50,48,56,59,56,57,55,53,60,59,48,52,52,52,52,61,56,56,61,54,60,54,60,60,56
46,40,46,41,40,48,45,52,46,52,47,46,44,54,51,52,47,46,175,175,178,184,183,177,240,208,218,204,178,178,181,187,186,243,249,245,190,211,221,207,201,174,174,177,183,176,239,245,241,186,207,217,203,197,175,178,242,187,208,175,240,108,108,111,117,116,110,173,179,120,141,151,116,119,125,181,187,149,159,145,116,124,116,116,119,125,118,181,187,149,159,121,124,123,186,164,114,114,117,122,179,181,147,157,114,114,117,123,122,116,179,185,181,126,147,57,53,51,59,62,59,63,58,47,66,62,42,55,55,55,55,55,59,59,67,55,61,55,63,63,59
43,46,52,38,46,45,51,49,52,58,44,52,46,51,57,49,44,52,172,172,184,181,189,183,239,214,224,203,175,175,187,184,192,242,245,251,196,217,227,206,200,171,171,183,180,182,238,241,247,192,213,223,202,196,172,184,248,193,214,172,239,105,105,117,114,122,116,172,175,126,147,157,113,125,122,180,183,155,165,144,113,130,113,113,125,122,124,180,183,155,165,118,130,129,185,170,111,111,123,128,178,187,153,163,111,111,123,120,128,122,178,181,187,132,153,63,59,57,65,68,65,59,64,46,62,68,41,61,61,61,61,54,65,65,63,52,58,52,69,69,65
48,56,57,48,56,50,56,54,62,63,54,62,56,56,62,54,54,62,164,164,214,194,202,180,184,217,211,205,167,167,217,197,205,187,190,196,248,220,214,208,213,163,163,213,193,179,183,186,192,244,216,210,204,209,164,214,193,245,217,164,184,97,97,147,127,135,113,117,120,178,150,144,105,155,135,125,128,158,152,146,105,143,105,105,155,135,121,125,128,158,152,110,160,126,130,157,103,103,153,141,123,132,156,150,103,103,153,133,141,119,123,126,132,184,156,76,72,81,87,86,87,81,93,63,75,81,74,78,80,80,80,52,84,84,82,86,85,86,85,85,81
41,51,50,43,51,43,49,47,57,56,49,57,51,49,55,47,49,57,167,167,203,206,214,184,205,246,238,217,170,170,206,209,217,208,211,217,220,249,241,220,225,166,166,202,205,183,204,207,213,216,245,237,216,221,167,203,214,217,246,167,205,100,100,136,139,147,117,138,141,150,179,171,108,144,147,146,149,187,179,158,108,155,108,108,144,147,125,146,149,187,179,113,149,130,151,184,106,106,142,153,144,153,185,177,106,106,142,145,153,123,144,147,153,156,185,75,71,64,76,79,76,70,82,58,74,80,52,70,72,72,72,59,76,76,74,70,76,70,76,76,76
40,43,49,35,43,42,48,46,49,55,41,49,43,48,54,46,41,49,172,172,202,205,213,176,215,238,248,227,175,175,205,208,216,218,221,227,214,241,251,230,224,171,171,201,204,175,214,217,223,210,237,247,226,220,172,202,224,211,238,172,215,105,105,135,138,146,109,148,151,144,171,181,113,143,146,156,159,179,189,168,113,154,113,113,143,146,117,156,159,179,189,118,148,122,161,194,111,111,141,152,154,163,177,187,111,111,141,144,152,115,154,157,163,150,177,75,71,60,72,75,72,66,78,57,70,76,54,73,68,68,68,66,72,72,70,66,72,66,72,72,72
45,42,43,45,42,47,42,51,48,49,51,48,42,53,48,51,51,48,180,180,199,213,210,168,210,217,227,247,183,183,202,216,213,213,207,206,208,220,230,250,244,179,179,198,212,167,209,203,202,204,216,226,246,240,180,199,203,205,217,180,210,113,113,132,146,143,101,143,137,138,150,160,121,140,154,151,145,158,168,188,121,151,121,121,140,154,109,151,145,158,168,126,145,114,156,173,119,119,138,149,149,142,156,166,119,119,138,152,149,107,149,143,142,144,156,75,62,51,72,62,63,73,78,69,73,63,74,77,64,55,55,69,59,68,73,72,78,72,63,72,68
50,47,48,50,47,52,47,56,53,54,56,53,47,58,53,56,56,53,179,179,204,218,215,173,204,222,221,241,182,182,207,221,218,207,201,200,213,225,224,244,249,178,178,203,217,172,203,197,196,209,221,220,240,245,179,204,197,210,222,179,204,112,112,137,151,148,106,137,131,143,155,154,120,145,159,145,139,163,162,182,120,156,120,120,145,159,114,145,139,163,162,125,150,119,150,167,118,118,143,154,143,136,161,160,118,118,143,157,154,112,143,137,136,149,161,76,63,56,77,67,68,78,83,71,78,68,73,75,69,60,60,63,64,73,78,77,83,77,68,77,73
86,64,81,74,68,84,76,92,70,87,80,74,80,90,82,92,80,74,236,236,185,202,196,176,170,163,168,176,239,239,188,205,199,173,174,171,163,166,171,179,178,242,242,191,208,182,176,177,174,166,169,174,182,181,236,185,168,160,163,236,170,176,176,125,142,136,116,110,111,100,103,108,177,126,143,111,112,104,109,117,177,137,177,177,126,143,117,111,112,104,109,182,131,122,116,114,175,175,124,135,109,107,102,107,175,175,124,141,135,115,109,110,107,99,102,81,79,70,75,70,72,75,67,61,72,69,64,80,71,70,71,77,74,74,78,73,79,73,75,75,68
86,64,81,74,68,84,76,92,70,87,80,74,80,90,82,92,80,74,236,236,185,202,196,176,170,163,168,176,239,239,188,205,199,173,174,171,163,166,171,179,178,242,242,191,208,182,176,177,174,166,169,174,182,181,236,185,168,160,163,236,170,176,176,125,142,136,116,110,111,100,103,108,177,126,143,111,112,104,109,117,177,137,177,177,126,143,117,111,112,104,109,182,131,122,116,114,175,175,124,135,109,107,102,107,175,175,124,141,135,115,109,110,107,99,102,81,79,70,75,70,72,75,67,61,72,69,64,80,71,70,71,77,74,74,78,73,79,73,75,75,68
70,66,79,58,66,72,78,76,72,85,64,72,73,78,84,76,64,72,185,185,244,224,232,196,171,199,198,195,188,188,247,227,235,174,177,183,213,202,201,198,203,191,191,250,230,202,177,180,186,216,205,204,201,206,185,244,180,210,199,185,171,125,125,184,164,172,136,111,114,150,139,138,126,185,165,112,115,140,139,136,126,173,126,126,185,165,137,112,115,140,139,131,190,142,117,144,124,124,183,171,110,119,138,137,124,124,183,163,171,135,110,113,119,149,138,80,78,82,88,87,88,82,94,67,76,82,74,79,81,81,81,55,85,85,83,87,86,87,89,89,85
72,54,67,60,54,74,66,78,60,73,66,60,66,80,72,78,66,60,202,202,224,241,235,193,179,202,201,209,205,205,227,244,238,182,183,180,193,205,204,212,217,208,208,230,247,199,185,186,183,196,208,207,215,220,202,224,177,190,202,202,179,142,142,164,181,175,133,119,120,130,142,141,143,165,182,120,121,143,142,150,143,176,143,143,165,182,134,120,121,143,142,148,170,139,125,147,141,141,163,174,118,116,141,140,141,141,163,180,174,132,118,119,116,129,141,76,74,65,77,76,77,80,83,66,80,77,68,75,69,69,69,69,73,73,80,89,95,89,77,77,73
59,65,68,54,62,64,70,65,71,74,60,68,69,70,76,65,60,68,176,176,196,193,201,242,170,180,172,164,179,179,199,196,204,173,176,182,179,183,175,167,172,182,182,202,199,248,176,179,185,182,186,178,170,175,176,196,179,176,180,176,170,116,116,136,133,141,182,110,113,116,120,112,117,137,134,111,114,121,113,105,117,142,117,117,137,134,183,111,114,121,113,122,142,188,116,118,115,115,135,140,109,118,119,111,115,115,135,132,140,181,109,112,118,115,119,72,70,65,79,84,78,72,77,55,74,80,46,65,73,77,73,57,81,81,76,63,69,63,77,77,77
48,40,46,43,40,50,45,54,46,52,49,46,45,56,51,54,49,46,170,170,171,179,176,170,242,201,211,206,173,173,174,182,179,245,239,238,183,204,214,209,203,176,176,177,185,176,248,242,241,186,207,217,212,206,170,171,235,180,201,170,242,110,110,111,119,116,110,182,176,120,141,151,111,112,120,183,177,142,152,147,111,117,111,111,112,120,111,183,177,142,152,116,117,116,188,157,109,109,110,115,181,174,140,150,109,109,110,118,115,109,181,175,174,119,140,57,53,51,59,62,59,60,58,56,63,62,51,55,55,55,55,64,59,59,64,57,63,57,63,63,59
49,43,49,44,43,51,48,55,49,55,50,49,47,57,54,55,50,49,171,171,174,180,179,173,236,204,214,200,174,174,177,183,182,239,245,241,186,207,217,203,197,177,177,180,186,179,242,248,244,189,210,220,206,200,171,174,238,183,204,171,236,111,111,114,120,119,113,176,182,123,144,154,112,115,121,177,183,145,155,141,112,120,112,112,115,121,114,177,183,145,155,117,120,119,182,160,110,110,113,118,175,177,143,153,110,110,113,119,118,112,175,181,177,122,143,60,56,54,62,65,62,66,61,50,69,65,45,58,58,58,58,58,62,62,70,58,64,58,66,66,62
46,49,55,41,49,48,54,52,55,61,47,55,49,54,60,52,47,55,168,168,180,177,185,179,235,210,220,199,171,171,183,180,188,238,241,247,192,213,223,202,196,174,174,186,183,185,241,244,250,195,216,226,205,199,168,180,244,189,210,168,235,108,108,120,117,125,119,175,178,129,150,160,109,121,118,176,179,151,161,140,109,126,109,109,121,118,120,176,179,151,161,114,126,125,181,166,107,107,119,124,174,183,149,159,107,107,119,116,124,118,174,177,183,128,149,66,62,60,68,71,68,62,67,49,65,71,44,64,64,64,64,57,68,68,66,55,61,55,72,72,68
51,59,60,51,59,53,59,57,65,66,57,65,59,59,65,57,57,65,160,160,210,190,198,176,180,213,207,201,163,163,213,193,201,183,186,192,244,216,210,204,209,166,166,216,196,182,186,189,195,247,219,213,207,212,160,210,189,241,213,160,180,100,100,150,130,138,116,120,123,181,153,147,101,151,131,121,124,154,148,142,101,139,101,101,151,131,117,121,124,154,148,106,156,122,126,153,99,99,149,137,119,128,152,146,99,99,149,129,137,115,119,122,128,180,152,79,75,84,90,89,90,84,96,66,78,84,77,81,83,83,83,55,87,87,85,89,88,89,88,88,84
44,54,53,46,54,46,52,50,60,59,52,60,54,52,58,50,52,60,163,163,199,202,210,180,201,242,234,213,166,166,202,205,213,204,207,213,216,245,237,216,221,169,169,205,208,186,207,210,216,219,248,240,219,224,163,199,210,213,242,163,201,103,103,139,142,150,120,141,144,153,182,174,104,140,143,142,145,183,175,154,104,151,104,104,140,143,121,142,145,183,175,109,145,126,147,180,102,102,138,149,140,149,181,173,102,102,138,141,149,119,140,143,149,152,181,78,74,67,79,82,79,73,85,61,77,83,55,73,75,75,75,62,79,79,77,73,79,73,79,79,79
43,46,52,38,46,45,51,49,52,58,44,52,46,51,57,49,44,52,168,168,198,201,209,172,211,234,244,223,171,171,201,204,212,214,217,223,210,237,247,226,220,174,174,204,207,178,217,220,226,213,240,250,229,223,168,198,220,207,234,168,211,108,108,138,141,149,112,151,154,147,174,184,109,139,142,152,155,175,185,164,109,150,109,109,139,142,113,152,155,175,185,114,144,118,157,190,107,107,137,148,150,159,173,183,107,107,137,140,148,111,150,153,159,146,173,78,74,63,75,78,75,69,81,60,73,79,57,76,71,71,71,69,75,75,73,69,75,69,75,75,75
48,45,46,48,45,50,45,54,51,52,54,51,45,56,51,54,54,51,176,176,195,209,206,164,206,213,223,243,179,179,198,212,209,209,203,202,204,216,226,246,240,182,182,201,215,170,212,206,205,207,219,229,249,243,176,195,199,201,213,176,206,116,116,135,149,146,104,146,140,141,153,163,117,136,150,147,141,154,164,184,117,147,117,117,136,150,105,147,141,154,164,122,141,110,152,169,115,115,134,145,145,138,152,162,115,115,134,148,145,103,145,139,138,140,152,78,65,54,75,65,66,76,81,72,76,66,77,80,67,58,58,72,62,71,76,75,81,75,66,75,71
53,50,51,53,50,55,50,59,56,57,59,56,50,61,56,59,59,56,175,175,200,214,211,169,200,218,217,237,178,178,203,217,214,203,197,196,209,221,220,240,245,181,181,206,220,175,206,200,199,212,224,223,243,248,175,200,193,206,218,175,200,115,115,140,154,151,109,140,134,146,158,157,116,141,155,141,135,159,158,178,116,152,116,116,141,155,110,141,135,159,158,121,146,115,146,163,114,114,139,150,139,132,157,156,114,114,139,153,150,108,139,133,132,145,157,79,66,59,80,70,71,81,86,74,81,71,76,78,72,63,63,66,67,76,81,80,86,80,71,80,76
81,59,76,69,63,79,71,86,64,81,74,68,74,84,76,86,74,68,243,243,192,209,203,183,177,170,175,183,240,240,189,206,200,174,175,172,164,167,172,180,179,236,236,185,202,176,170,171,168,160,163,168,176,175,243,192,175,167,170,243,177,176,176,125,142,136,116,110,111,100,103,108,184,133,150,118,119,111,116,124,184,144,184,184,133,150,124,118,119,111,116,183,132,123,117,115,176,176,125,136,110,108,103,108,176,176,125,142,136,116,110,111,108,100,103,78,76,67,72,67,69,72,64,58,69,66,61,77,68,67,68,74,71,71,75,70,76,70,72,72,65
65,61,74,53,61,67,73,70,66,79,58,66,67,72,78,70,58,66,192,192,251,231,239,203,178,206,205,202,189,189,248,228,236,175,178,184,214,203,202,199,204,185,185,244,224,196,171,174,180,210,199,198,195,200,192,251,187,217,206,192,178,125,125,184,164,172,136,111,114,150,139,138,133,192,172,119,122,147,146,143,133,180,133,133,192,172,144,119,122,147,146,132,191,143,118,145,125,125,184,172,111,120,139,138,125,125,184,164,172,136,111,114,120,150,139,77,75,79,85,84,85,79,91,64,73,79,71,76,78,78,78,52,82,82,80,84,83,84,86,86,82
41,44,50,36,44,43,49,46,49,55,41,49,43,48,54,46,41,49,175,175,187,184,192,186,242,217,227,206,172,172,184,181,189,239,242,248,193,214,224,203,197,168,168,180,177,179,235,238,244,189,210,220,199,193,175,187,251,196,217,175,242,108,108,120,117,125,119,175,178,129,150,160,116,128,125,183,186,158,168,147,116,133,116,116,128,125,127,183,186,158,168,115,127,126,182,167,108,108,120,125,175,184,150,160,108,108,120,117,125,119,175,178,184,129,150,63,59,57,65,68,65,59,64,46,62,68,41,61,61,61,61,54,65,65,63,52,58,52,69,69,65
46,54,55,46,54,48,54,51,59,60,51,59,53,53,59,51,51,59,167,167,217,197,205,183,187,220,214,208,164,164,214,194,202,184,187,193,245,217,211,205,210,160,160,210,190,176,180,183,189,241,213,207,201,206,167,217,196,248,220,167,187,100,100,150,130,138,116,120,123,181,153,147,108,158,138,128,131,161,155,149,108,146,108,108,158,138,124,128,131,161,155,107,157,123,127,154,100,100,150,138,120,129,153,147,100,100,150,130,138,116,120,123,129,181,153,76,72,81,87,86,87,81,93,63,75,81,74,78,80,80,80,52,84,84,82,86,85,86,85,85,81
39,49,48,41,49,41,47,44,54,53,46,54,48,46,52,44,46,54,170,170,206,209,217,187,208,249,241,220,167,167,203,206,214,205,208,214,217,246,238,217,222,163,163,199,202,180,201,204,210,213,242,234,213,218,170,206,217,220,249,170,208,103,103,139,142,150,120,141,144,153,182,174,111,147,150,149,152,190,182,161,111,158,111,111,147,150,128,149,152,190,182,110,146,127,148,181,103,103,139,150,141,150,182,174,103,103,139,142,150,120,141,144,150,153,182,75,71,64,76,79,76,70,82,58,74,80,52,70,72,72,72,59,76,76,74,70,76,70,76,76,76
81,59,76,69,63,79,71,86,64,81,74,68,74,84,76,86,74,68,243,243,192,209,203,183,177,170,175,183,240,240,189,206,200,174,175,172,164,167,172,180,179,236,236,185,202,176,170,171,168,160,163,168,176,175,243,192,175,167,170,243,177,176,176,125,142,136,116,110,111,100,103,108,184,133,150,118,119,111,116,124,184,144,184,184,133,150,124,118,119,111,116,183,132,123,117,115,176,176,125,136,110,108,103,108,176,176,125,142,136,116,110,111,108,100,103,78,76,67,72,67,69,72,64,58,69,66,61,77,68,67,68,74,71,71,75,70,76,70,72,72,65
43,35,41,38,35,45,40,48,40,46,43,40,39,50,45,48,43,40,177,177,178,186,183,177,249,208,218,213,174,174,175,183,180,246,240,239,184,205,215,210,204,170,170,171,179,170,242,236,235,180,201,211,206,200,177,178,242,187,208,177,249,110,110,111,119,116,110,182,176,120,141,151,118,119,127,190,184,149,159,154,118,124,118,118,119,127,118,190,184,149,159,117,118,117,189,158,110,110,111,116,182,175,141,151,110,110,111,119,116,110,182,176,175,120,141,54,50,48,56,59,56,57,55,53,60,59,48,52,52,52,52,61,56,56,61,54,60,54,60,60,56
91,69,86,79,73,89,81,99,77,94,87,81,87,97,89,99,87,81,176,176,125,142,136,116,110,103,108,116,173,173,122,139,133,107,108,105,97,100,105,113,112,176,176,125,142,116,110,111,108,100,103,108,116,115,176,125,108,100,103,176,110,233,233,182,199,193,173,167,168,157,160,165,215,164,181,149,150,142,147,155,215,175,215,215,164,181,155,149,150,142,147,206,155,146,140,138,205,205,154,165,139,137,132,137,205,205,154,171,165,145,139,140,137,129,132,64,62,53,58,53,55,58,50,44,55,52,47,63,54,53,54,60,57,57,61,56,62,56,58,58,51
91,69,86,79,73,89,81,99,77,94,87,81,87,97,89,99,87,81,176,176,125,142,136,116,110,103,108,116,173,173,122,139,133,107,108,105,97,100,105,113,112,176,176,125,142,116,110,111,108,100,103,108,116,115,176,125,108,100,103,176,110,233,233,182,199,193,173,167,168,157,160,165,215,164,181,149,150,142,147,155,215,175,215,215,164,181,155,149,150,142,147,206,155,146,140,138,205,205,154,165,139,137,132,137,205,205,154,171,165,145,139,140,137,129,132,64,62,53,58,53,55,58,50,44,55,52,47,63,54,53,54,60,57,57,61,56,62,56,58,58,51
75,71,84,63,71,77,83,83,79,92,71,79,80,85,91,83,71,79,125,125,184,164,172,136,111,139,138,135,122,122,181,161,169,108,111,117,147,136,135,132,137,125,125,184,164,136,111,114,120,150,139,138,135,140,125,184,120,150,139,125,111,182,182,241,221,229,193,168,171,207,196,195,164,223,203,150,153,178,177,174,164,211,164,164,223,203,175,150,153,178,177,155,214,166,141,168,154,154,213,201,140,149,168,167,154,154,213,193,201,165,140,143,149,179,168,63,61,65,71,70,71,65,77,50,59,65,57,62,64,64,64,38,68,68,66,70,69,70,72,72,68
77,59,72,65,59,79,71,85,67,80,73,67,73,87,79,85,73,67,142,142,164,181,175,133,119,142,141,149,139,139,161,178,172,116,117,114,127,139,138,146,151,142,142,164,181,133,119,120,117,130,142,141,149,154,142,164,117,130,142,142,119,199,199,221,238,232,190,176,177,187,199,198,181,203,220,158,159,181,180,188,181,214,181,181,203,220,172,158,159,181,180,172,194,163,149,171,171,171,193,204,148,146,171,170,171,171,193,210,204,162,148,149,146,159,171,59,57,48,60,59,60,63,66,49,63,60,51,58,52,52,52,52,56,56,63,72,78,72,60,60,56
71,67,80,59,67,73,79,79,75,88,67,75,76,81,87,79,67,75,136,136,172,175,183,141,116,150,149,146,133,133,169,172,180,113,116,122,135,147,146,143,148,136,136,172,175,141,116,119,125,138,150,149,146,151,136,172,125,138,150,136,116,193,193,229,232,240,198,173,176,195,207,206,175,211,214,155,158,189,188,185,175,222,175,175,211,214,180,155,158,189,188,166,202,171,146,179,165,165,201,212,145,154,179,178,165,165,201,204,212,170,145,148,154,167,179,67,65,56,68,67,68,62,74,46,62,68,48,66,60,60,60,49,64,64,62,66,72,66,68,68,64
64,70,73,59,67,69,75,72,78,81,67,75,76,77,83,72,67,75,116,116,136,133,141,182,110,120,112,104,113,113,133,130,138,107,110,116,113,117,109,101,106,116,116,136,133,182,110,113,119,116,120,112,104,109,116,136,119,116,120,116,110,173,173,193,190,198,239,167,170,173,177,169,155,175,172,149,152,159,151,143,155,180,155,155,175,172,221,149,152,159,151,146,166,212,140,142,145,145,165,170,139,148,149,141,145,145,165,162,170,211,139,142,148,145,149,55,53,48,62,67,61,55,60,38,57,63,29,48,56,60,56,40,64,64,59,46,52,46,60,60,60
53,45,51,48,45,55,50,61,53,59,56,53,52,63,58,61,56,53,110,110,111,119,116,110,182,141,151,146,107,107,108,116,113,179,173,172,117,138,148,143,137,110,110,111,119,110,182,176,175,120,141,151,146,140,110,111,175,120,141,110,182,167,167,168,176,173,167,239,233,177,198,208,149,150,158,221,215,180,190,185,149,155,149,149,150,158,149,221,215,180,190,140,141,140,212,181,139,139,140,145,211,204,170,180,139,139,140,148,145,139,211,205,204,149,170,40,36,34,42,45,42,43,41,39,46,45,34,38,38,38,38,47,42,42,47,40,46,40,46,46,42
54,48,54,49,48,56,53,62,56,62,57,56,54,64,61,62,57,56,111,111,114,120,119,113,176,144,154,140,108,108,111,117,116,173,179,175,120,141,151,137,131,111,111,114,120,113,176,182,178,123,144,154,140,134,111,114,178,123,144,111,176,168,168,171,177,176,170,233,239,180,201,211,150,153,159,215,221,183,193,179,150,158,150,150,153,159,152,215,221,183,193,141,144,143,206,184,140,140,143,148,205,207,173,183,140,140,143,149,148,142,205,211,207,152,173,43,39,37,45,48,45,49,44,33,52,48,28,41,41,41,41,41,45,45,53,41,47,41,49,49,45
56,64,65,56,64,58,64,64,72,73,64,72,66,66,72,64,64,72,100,100,150,130,138,116,120,153,147,141,97,97,147,127,135,117,120,126,178,150,144,138,143,100,100,150,130,116,120,123,129,181,153,147,141,146,100,150,129,181,153,100,120,157,157,207,187,195,173,177,180,238,210,204,139,189,169,159,162,192,186,180,139,177,139,139,189,169,155,159,162,192,186,130,180,146,150,177,129,129,179,167,149,158,182,176,129,129,179,159,167,145,149,152,158,210,182,62,58,67,73,72,73,67,79,49,61,67,60,64,66,66,66,38,70,70,68,72,71,72,71,71,67
49,59,58,51,59,51,57,57,67,66,59,67,61,59,65,57,59,67,103,103,139,142,150,120,141,182,174,153,100,100,136,139,147,138,141,147,150,179,171,150,155,103,103,139,142,120,141,144,150,153,182,174,153,158,103,139,150,153,182,103,141,160,160,196,199,207,177,198,201,210,239,231,142,178,181,180,183,221,213,192,142,189,142,142,178,181,159,180,183,221,213,133,169,150,171,204,132,132,168,179,170,179,211,203,132,132,168,171,179,149,170,173,179,182,211,61,57,50,62,65,62,56,68,44,60,66,38,56,58,58,58,45,62,62,60,56,62,56,62,62,62
48,51,57,43,51,50,56,56,59,65,51,59,53,58,64,56,51,59,108,108,138,141,149,112,151,174,184,163,105,105,135,138,146,148,151,157,144,171,181,160,154,108,108,138,141,112,151,154,160,147,174,184,163,157,108,138,160,147,174,108,151,165,165,195,198,206,169,208,211,204,231,241,147,177,180,190,193,213,223,202,147,188,147,147,177,180,151,190,193,213,223,138,168,142,181,214,137,137,167,178,180,189,203,213,137,137,167,170,178,141,180,183,189,176,203,61,57,46,58,61,58,52,64,43,56,62,40,59,54,54,54,52,58,58,56,52,58,52,58,58,58
83,61,78,71,65,81,73,91,69,86,79,73,79,89,81,91,79,73,184,184,133,150,144,124,118,111,116,124,181,181,130,147,141,115,116,113,105,108,113,121,120,177,177,126,143,117,111,112,109,101,104,109,117,116,184,133,116,108,111,184,118,215,215,164,181,175,155,149,150,139,142,147,239,188,205,173,174,166,171,179,239,199,239,239,188,205,179,173,174,166,171,218,167,158,152,150,217,217,166,177,151,149,144,149,217,217,166,183,177,157,151,152,149,141,144,65,63,54,59,54,56,59,51,45,56,53,48,64,55,54,55,61,58,58,62,57,63,57,59,59,52
67,63,76,55,63,69,75,75,71,84,63,71,72,77,83,75,63,71,133,133,192,172,180,144,119,147,146,143,130,130,189,169,177,116,119,125,155,144,143,140,145,126,126,185,165,137,112,115,121,151,140,139,136,141,133,192,128,158,147,133,119,164,164,223,203,211,175,150,153,189,178,177,188,247,227,174,177,202,201,198,188,235,188,188,247,227,199,174,177,202,201,167,226,178,153,180,166,166,225,213,152,161,180,179,166,166,225,205,213,177,152,155,161,191,180,64,62,66,72,71,72,66,78,51,60,66,58,63,65,65,65,39,69,69,67,71,70,71,73,73,69
69,51,64,57,51,71,63,77,59,72,65,59,65,79,71,77,65,59,150,150,172,189,183,141,127,150,149,157,147,147,169,186,180,124,125,122,135,147,146,154,159,143,143,165,182,134,120,121,118,131,143,142,150,155,150,172,125,138,150,150,127,181,181,203,220,214,172,158,159,169,181,180,205,227,244,182,183,205,204,212,205,238,205,205,227,244,196,182,183,205,204,184,206,175,161,183,183,183,205,216,160,158,183,182,183,183,205,222,216,174,160,161,158,171,183,60,58,49,61,60,61,64,67,50,64,61,52,59,53,53,53,53,57,57,64,73,79,73,61,61,57
45,37,43,40,37,47,42,53,45,51,48,45,44,55,50,53,48,45,118,118,119,127,124,118,190,149,159,154,115,115,116,124,121,187,181,180,125,146,156,151,145,111,111,112,120,111,183,177,176,121,142,152,147,141,118,119,183,128,149,118,190,149,149,150,158,155,149,221,215,159,180,190,173,174,182,245,239,204,214,209,173,179,173,173,174,182,173,245,239,204,214,152,153,152,224,193,151,151,152,157,223,216,182,192,151,151,152,160,157,151,223,217,216,161,182,41,37,35,43,46,43,44,42,40,47,46,35,39,39,39,39,48,43,43,48,41,47,41,47,47,43
46,40,46,41,40,48,45,54,48,54,49,48,46,56,53,54,49,48,119,119,122,128,127,121,184,152,162,148,116,116,119,125,124,181,187,183,128,149,159,145,139,112,112,115,121,114,177,183,179,124,145,155,141,135,119,122,186,131,152,119,184,150,150,153,159,158,152,215,221,162,183,193,174,177,183,239,245,207,217,203,174,182,174,174,177,183,176,239,245,207,217,153,156,155,218,196,152,152,155,160,217,219,185,195,152,152,155,161,160,154,217,223,219,164,185,44,40,38,46,49,46,50,45,34,53,49,29,42,42,42,42,42,46,46,54,42,48,42,50,50,46
41,51,50,43,51,43,49,49,59,58,51,59,53,51,57,49,51,59,111,111,147,150,158,128,149,190,182,161,108,108,144,147,155,146,149,155,158,187,179,158,163,104,104,140,143,121,142,145,151,154,183,175,154,159,111,147,158,161,190,111,149,142,142,178,181,189,159,180,183,192,221,213,166,202,205,204,207,245,237,216,166,213,166,166,202,205,183,204,207,245,237,145,181,162,183,216,144,144,180,191,182,191,223,215,144,144,180,183,191,161,182,185,191,194,223,62,58,51,63,66,63,57,69,45,61,67,39,57,59,59,59,46,63,63,61,57,63,57,63,63,63
40,43,49,35,43,42,48,48,51,57,43,51,45,50,56,48,43,51,116,116,146,149,157,120,159,182,192,171,113,113,143,146,154,156,159,165,152,179,189,168,162,109,109,139,142,113,152,155,161,148,175,185,164,158,116,146,168,155,182,116,159,147,147,177,180,188,151,190,193,186,213,223,171,201,204,214,217,237,247,226,171,212,171,171,201,204,175,214,217,237,247,150,180,154,193,226,149,149,179,190,192,201,215,225,149,149,179,182,190,153,192,195,201,188,215,62,58,47,59,62,59,53,65,44,57,63,41,60,55,55,55,53,59,59,57,53,59,53,59,59,59
45,42,43,45,42,47,42,53,50,51,53,50,44,55,50,53,53,50,124,124,143,157,154,112,154,161,171,191,121,121,140,154,151,151,145,144,146,158,168,188,182,117,117,136,150,105,147,141,140,142,154,164,184,178,124,143,147,149,161,124,154,155,155,174,188,185,143,185,179,180,192,202,179,198,212,209,203,216,226,246,179,209,179,179,198,212,167,209,203,216,226,158,177,146,188,205,157,157,176,187,187,180,194,204,157,157,176,190,187,145,187,181,180,182,194,62,49,38,59,49,50,60,65,56,60,50,61,64,51,42,42,56,46,55,60,59,65,59,50,59,55
83,61,78,71,65,81,73,91,69,86,79,73,79,89,81,91,79,73,184,184,133,150,144,124,118,111,116,124,181,181,130,147,141,115,116,113,105,108,113,121,120,177,177,126,143,117,111,112,109,101,104,109,117,116,184,133,116,108,111,184,118,215,215,164,181,175,155,149,150,139,142,147,239,188,205,173,174,166,171,179,239,199,239,239,188,205,179,173,174,166,171,218,167,158,152,150,217,217,166,177,151,149,144,149,217,217,166,183,177,157,151,152,149,141,144,65,63,54,59,54,56,59,51,45,56,53,48,64,55,54,55,61,58,58,62,57,63,57,59,59,52
63,59,72,51,59,65,71,71,67,80,59,67,68,73,79,71,59,67,144,144,180,183,191,149,124,158,157,154,141,141,177,180,188,121,124,130,143,155,154,151,156,137,137,173,176,142,117,120,126,139,151,150,147,152,144,180,133,146,158,144,124,175,175,211,214,222,180,155,158,177,189,188,199,235,238,179,182,213,212,209,199,246,199,199,235,238,204,179,182,213,212,178,214,183,158,191,177,177,213,224,157,166,191,190,177,177,213,216,224,182,157,160,166,179,191,68,66,57,69,68,69,63,75,47,63,69,49,67,61,61,61,50,65,65,63,67,73,67,69,69,65
83,61,78,71,65,81,73,91,69,86,79,73,79,89,81,91,79,73,184,184,133,150,144,124,118,111,116,124,181,181,130,147,141,115,116,113,105,108,113,121,120,177,177,126,143,117,111,112,109,101,104,109,117,116,184,133,116,108,111,184,118,215,215,164,181,175,155,149,150,139,142,147,239,188,205,173,174,166,171,179,239,199,239,239,188,205,179,173,174,166,171,218,167,158,152,150,217,217,166,177,151,149,144,149,217,217,166,183,177,157,151,152,149,141,144,65,63,54,59,54,56,59,51,45,56,53,48,64,55,54,55,61,58,58,62,57,63,57,59,59,52
83,61,78,71,65,81,73,91,69,86,79,73,79,89,81,91,79,73,184,184,133,150,144,124,118,111,116,124,181,181,130,147,141,115,116,113,105,108,113,121,120,177,177,126,143,117,111,112,109,101,104,109,117,116,184,133,116,108,111,184,118,215,215,164,181,175,155,149,150,139,142,147,239,188,205,173,174,166,171,179,239,199,239,239,188,205,179,173,174,166,171,218,167,158,152,150,217,217,166,177,151,149,144,149,217,217,166,183,177,157,151,152,149,141,144,65,63,54,59,54,56,59,51,45,56,53,48,64,55,54,55,61,58,58,62,57,63,57,59,59,52
67,63,76,55,63,69,75,75,71,84,63,71,72,77,83,75,63,71,133,133,192,172,180,144,119,147,146,143,130,130,189,169,177,116,119,125,155,144,143,140,145,126,126,185,165,137,112,115,121,151,140,139,136,141,133,192,128,158,147,133,119,164,164,223,203,211,175,150,153,189,178,177,188,247,227,174,177,202,201,198,188,235,188,188,247,227,199,174,177,202,201,167,226,178,153,180,166,166,225,213,152,161,180,179,166,166,225,205,213,177,152,155,161,191,180,64,62,66,72,71,72,66,78,51,60,66,58,63,65,65,65,39,69,69,67,71,70,71,73,73,69
69,51,64,57,51,71,63,77,59,72,65,59,65,79,71,77,65,59,150,150,172,189,183,141,127,150,149,157,147,147,169,186,180,124,125,122,135,147,146,154,159,143,143,165,182,134,120,121,118,131,143,142,150,155,150,172,125,138,150,150,127,181,181,203,220,214,172,158,159,169,181,180,205,227,244,182,183,205,204,212,205,238,205,205,227,244,196,182,183,205,204,184,206,175,161,183,183,183,205,216,160,158,183,182,183,183,205,222,216,174,160,161,158,171,183,60,58,49,61,60,61,64,67,50,64,61,52,59,53,53,53,53,57,57,64,73,79,73,61,61,57
56,62,65,51,59,61,67,64,70,73,59,67,68,69,75,64,59,67,124,124,144,141,149,190,118,128,120,112,121,121,141,138,146,115,118,124,121,125,117,109,114,117,117,137,134,183,111,114,120,117,121,113,105,110,124,144,127,124,128,124,118,155,155,175,172,180,221,149,152,155,159,151,179,199,196,173,176,183,175,167,179,204,179,179,199,196,245,173,176,183,175,158,178,224,152,154,157,157,177,182,151,160,161,153,157,157,177,174,182,223,151,154,160,157,161,56,54,49,63,68,62,56,61,39,58,64,30,49,57,61,57,41,65,65,60,47,53,47,61,61,61
45,37,43,40,37,47,42,53,45,51,48,45,44,55,50,53,48,45,118,118,119,127,124,118,190,149,159,154,115,115,116,124,121,187,181,180,125,146,156,151,145,111,111,112,120,111,183,177,176,121,142,152,147,141,118,119,183,128,149,118,190,149,149,150,158,155,149,221,215,159,180,190,173,174,182,245,239,204,214,209,173,179,173,173,174,182,173,245,239,204,214,152,153,152,224,193,151,151,152,157,223,216,182,192,151,151,152,160,157,151,223,217,216,161,182,41,37,35,43,46,43,44,42,40,47,46,35,39,39,39,39,48,43,43,48,41,47,41,47,47,43
46,40,46,41,40,48,45,54,48,54,49,48,46,56,53,54,49,48,119,119,122,128,127,121,184,152,162,148,116,116,119,125,124,181,187,183,128,149,159,145,139,112,112,115,121,114,177,183,179,124,145,155,141,135,119,122,186,131,152,119,184,150,150,153,159,158,152,215,221,162,183,193,174,177,183,239,245,207,217,203,174,182,174,174,177,183,176,239,245,207,217,153,156,155,218,196,152,152,155,160,217,219,185,195,152,152,155,161,160,154,217,223,219,164,185,44,40,38,46,49,46,50,45,34,53,49,29,42,42,42,42,42,46,46,54,42,48,42,50,50,46
41,51,50,43,51,43,49,49,59,58,51,59,53,51,57,49,51,59,111,111,147,150,158,128,149,190,182,161,108,108,144,147,155,146,149,155,158,187,179,158,163,104,104,140,143,121,142,145,151,154,183,175,154,159,111,147,158,161,190,111,149,142,142,178,181,189,159,180,183,192,221,213,166,202,205,204,207,245,237,216,166,213,166,166,202,205,183,204,207,245,237,145,181,162,183,216,144,144,180,191,182,191,223,215,144,144,180,183,191,161,182,185,191,194,223,62,58,51,63,66,63,57,69,45,61,67,39,57,59,59,59,46,63,63,61,57,63,57,63,63,63
40,43,49,35,43,42,48,48,51,57,43,51,45,50,56,48,43,51,116,116,146,149,157,120,159,182,192,171,113,113,143,146,154,156,159,165,152,179,189,168,162,109,109,139,142,113,152,155,161,148,175,185,164,158,116,146,168,155,182,116,159,147,147,177,180,188,151,190,193,186,213,223,171,201,204,214,217,237,247,226,171,212,171,171,201,204,175,214,217,237,247,150,180,154,193,226,149,149,179,190,192,201,215,225,149,149,179,182,190,153,192,195,201,188,215,62,58,47,59,62,59,53,65,44,57,63,41,60,55,55,55,53,59,59,57,53,59,53,59,59,59
88,66,83,76,70,86,78,89,67,84,77,71,77,87,79,89,77,71,183,183,132,149,143,123,117,110,115,123,186,186,135,152,146,120,121,118,110,113,118,126,125,182,182,131,148,122,116,117,114,106,109,114,122,121,183,132,115,107,110,183,117,206,206,155,172,166,146,140,141,130,133,138,218,167,184,152,153,145,150,158,218,178,218,218,167,184,158,152,153,145,150,234,183,174,168,166,222,222,171,182,156,154,149,154,222,222,171,188,182,162,156,157,154,146,149,66,64,55,60,55,57,60,52,46,57,54,49,65,56,55,56,62,59,59,63,58,64,58,60,60,53
72,68,81,60,68,74,80,73,69,82,61,69,70,75,81,73,61,69,132,132,191,171,179,143,118,146,145,142,135,135,194,174,182,121,124,130,160,149,148,145,150,131,131,190,170,142,117,120,126,156,145,144,141,146,132,191,127,157,146,132,118,155,155,214,194,202,166,141,144,180,169,168,167,226,206,153,156,181,180,177,167,214,167,167,226,206,178,153,156,181,180,183,242,194,169,196,171,171,230,218,157,166,185,184,171,171,230,210,218,182,157,160,166,196,185,65,63,67,73,72,73,67,79,52,61,67,59,64,66,66,66,40,70,70,68,72,71,72,74,74,70
61,67,70,56,64,66,72,62,68,71,57,65,66,67,73,62,57,65,123,123,143,140,148,189,117,127,119,111,126,126,146,143,151,120,123,129,126,130,122,114,119,122,122,142,139,188,116,119,125,122,126,118,110,115,123,143,126,123,127,123,117,146,146,166,163,171,212,140,143,146,150,142,158,178,175,152,155,162,154,146,158,183,158,158,178,175,224,152,155,162,154,174,194,240,168,170,162,162,182,187,156,165,166,158,162,162,182,179,187,228,156,159,165,162,166,57,55,50,64,69,63,57,62,40,59,65,31,50,58,62,58,42,66,66,61,48,54,48,62,62,62
50,42,48,45,42,52,47,51,43,49,46,43,42,53,48,51,46,43,117,117,118,126,123,117,189,148,158,153,120,120,121,129,126,192,186,185,130,151,161,156,150,116,116,117,125,116,188,182,181,126,147,157,152,146,117,118,182,127,148,117,189,140,140,141,149,146,140,212,206,150,171,181,152,153,161,224,218,183,193,188,152,158,152,152,153,161,152,224,218,183,193,168,169,168,240,209,156,156,157,162,228,221,187,197,156,156,157,165,162,156,228,222,221,166,187,42,38,36,44,47,44,45,43,41,48,47,36,40,40,40,40,49,44,44,49,42,48,42,48,48,44
45,48,54,40,48,47,53,46,49,55,41,49,43,48,54,46,41,49,115,115,145,148,156,119,158,181,191,170,118,118,148,151,159,161,164,170,157,184,194,173,167,114,114,144,147,118,157,160,166,153,180,190,169,163,115,145,167,154,181,115,158,138,138,168,171,179,142,181,184,177,204,214,150,180,183,193,196,216,226,205,150,191,150,150,180,183,154,193,196,216,226,166,196,170,209,242,154,154,184,195,197,206,220,230,154,154,184,187,195,158,197,200,206,193,220,63,59,48,60,63,60,54,66,45,58,64,42,61,56,56,56,54,60,60,58,54,60,54,60,60,60
95,73,90,83,77,93,85,96,74,91,84,78,84,94,86,96,84,78,176,176,125,142,136,116,110,103,108,116,179,179,128,145,139,113,114,111,103,106,111,119,118,175,175,124,141,115,109,110,107,99,102,107,115,114,176,125,108,100,103,176,110,205,205,154,171,165,145,139,140,129,132,137,217,166,183,151,152,144,149,157,217,177,217,217,166,183,157,151,152,144,149,222,171,162,156,154,233,233,182,193,167,165,160,165,233,233,182,199,193,173,167,168,165,157,160,57,55,46,51,46,48,51,43,37,48,45,40,56,47,46,47,53,50,50,54,49,55,49,51,51,44
95,73,90,83,77,93,85,96,74,91,84,78,84,94,86,96,84,78,176,176,125,142,136,116,110,103,108,116,179,179,128,145,139,113,114,111,103,106,111,119,118,175,175,124,141,115,109,110,107,99,102,107,115,114,176,125,108,100,103,176,110,205,205,154,171,165,145,139,140,129,132,137,217,166,183,151,152,144,149,157,217,177,217,217,166,183,157,151,152,144,149,222,171,162,156,154,233,233,182,193,167,165,160,165,233,233,182,199,193,173,167,168,165,157,160,57,55,46,51,46,48,51,43,37,48,45,40,56,47,46,47,53,50,50,54,49,55,49,51,51,44
79,75,88,67,75,81,87,80,76,89,68,76,77,82,88,80,68,76,125,125,184,164,172,136,111,139,138,135,128,128,187,167,175,114,117,123,153,142,141,138,143,124,124,183,163,135,110,113,119,149,138,137,134,139,125,184,120,150,139,125,111,154,154,213,193,201,165,140,143,179,168,167,166,225,205,152,155,180,179,176,166,213,166,166,225,205,177,152,155,180,179,171,230,182,157,184,182,182,241,229,168,177,196,195,182,182,241,221,229,193,168,171,177,207,196,56,54,58,64,63,64,58,70,43,52,58,50,55,57,57,57,31,61,61,59,63,62,63,65,65,61
75,71,84,63,71,77,83,76,72,85,64,72,73,78,84,76,64,72,136,136,172,175,183,141,116,150,149,146,139,139,175,178,186,119,122,128,141,153,152,149,154,135,135,171,174,140,115,118,124,137,149,148,145,150,136,172,125,138,150,136,116,165,165,201,204,212,170,145,148,167,179,178,177,213,216,157,160,191,190,187,177,224,177,177,213,216,182,157,160,191,190,182,218,187,162,195,193,193,229,240,173,182,207,206,193,193,229,232,240,198,173,176,182,195,207,60,58,49,61,60,61,55,67,39,55,61,41,59,53,53,53,42,57,57,55,59,65,59,61,61,57
57,49,55,52,49,59,54,58,50,56,53,50,49,60,55,58,53,50,110,110,111,119,116,110,182,141,151,146,113,113,114,122,119,185,179,178,123,144,154,149,143,109,109,110,118,109,181,175,174,119,140,150,145,139,110,111,175,120,141,110,182,139,139,140,148,145,139,211,205,149,170,180,151,152,160,223,217,182,192,187,151,157,151,151,152,160,151,223,217,182,192,156,157,156,228,197,167,167,168,173,239,232,198,208,167,167,168,176,173,167,239,233,232,177,198,33,29,27,35,38,35,36,34,32,39,38,27,31,31,31,31,40,35,35,40,33,39,33,39,39,35
55,58,64,50,58,57,63,56,59,65,51,59,53,58,64,56,51,59,108,108,120,117,125,119,175,150,160,139,111,111,123,120,128,178,181,187,132,153,163,142,136,107,107,119,116,118,174,177,183,128,149,159,138,132,108,120,184,129,150,108,175,137,137,149,146,154,148,204,207,158,179,189,149,161,158,216,219,191,201,180,149,166,149,149,161,158,160,216,219,191,201,154,166,165,221,206,165,165,177,182,232,241,207,217,165,165,177,174,182,176,232,235,241,186,207,42,38,36,44,47,44,38,43,25,41,47,20,40,40,40,40,33,44,44,42,31,37,31,48,48,44
53,63,62,55,63,55,61,54,64,63,56,64,58,56,62,54,56,64,103,103,139,142,150,120,141,182,174,153,106,106,142,145,153,144,147,153,156,185,177,156,161,102,102,138,141,119,140,143,149,152,181,173,152,157,103,139,150,153,182,103,141,132,132,168,171,179,149,170,173,182,211,203,144,180,183,182,185,223,215,194,144,191,144,144,180,183,161,182,185,223,215,149,185,166,187,220,160,160,196,207,198,207,239,231,160,160,196,199,207,177,198,201,207,210,239,54,50,43,55,58,55,49,61,37,53,59,31,49,51,51,51,38,55,55,53,49,55,49,55,55,55
52,55,61,47,55,54,60,53,56,62,48,56,50,55,61,53,48,56,108,108,138,141,149,112,151,174,184,163,111,111,141,144,152,154,157,163,150,177,187,166,160,107,107,137,140,111,150,153,159,146,173,183,162,156,108,138,160,147,174,108,151,137,137,167,170,178,141,180,183,176,203,213,149,179,182,192,195,215,225,204,149,190,149,149,179,182,153,192,195,215,225,154,184,158,197,230,165,165,195,206,208,217,231,241,165,165,195,198,206,169,208,211,217,204,231,54,50,39,51,54,51,45,57,36,49,55,33,52,47,47,47,45,51,51,49,45,51,45,51,51,51
95,73,90,83,77,93,85,96,74,91,84,78,84,94,86,96,84,78,176,176,125,142,136,116,110,103,108,116,179,179,128,145,139,113,114,111,103,106,111,119,118,175,175,124,141,115,109,110,107,99,102,107,115,114,176,125,108,100,103,176,110,205,205,154,171,165,145,139,140,129,132,137,217,166,183,151,152,144,149,157,217,177,217,217,166,183,157,151,152,144,149,222,171,162,156,154,233,233,182,193,167,165,160,165,233,233,182,199,193,173,167,168,165,157,160,57,55,46,51,46,48,51,43,37,48,45,40,56,47,46,47,53,50,50,54,49,55,49,51,51,44
95,73,90,83,77,93,85,96,74,91,84,78,84,94,86,96,84,78,176,176,125,142,136,116,110,103,108,116,179,179,128,145,139,113,114,111,103,106,111,119,118,175,175,124,141,115,109,110,107,99,102,107,115,114,176,125,108,100,103,176,110,205,205,154,171,165,145,139,140,129,132,137,217,166,183,151,152,144,149,157,217,177,217,217,166,183,157,151,152,144,149,222,171,162,156,154,233,233,182,193,167,165,160,165,233,233,182,199,193,173,167,168,165,157,160,57,55,46,51,46,48,51,43,37,48,45,40,56,47,46,47,53,50,50,54,49,55,49,51,51,44
79,75,88,67,75,81,87,80,76,89,68,76,77,82,88,80,68,76,125,125,184,164,172,136,111,139,138,135,128,128,187,167,175,114,117,123,153,142,141,138,143,124,124,183,163,135,110,113,119,149,138,137,134,139,125,184,120,150,139,125,111,154,154,213,193,201,165,140,143,179,168,167,166,225,205,152,155,180,179,176,166,213,166,166,225,205,177,152,155,180,179,171,230,182,157,184,182,182,241,229,168,177,196,195,182,182,241,221,229,193,168,171,177,207,196,56,54,58,64,63,64,58,70,43,52,58,50,55,57,57,57,31,61,61,59,63,62,63,65,65,61
81,63,76,69,63,83,75,82,64,77,70,64,70,84,76,82,70,64,142,142,164,181,175,133,119,142,141,149,145,145,167,184,178,122,123,120,133,145,144,152,157,141,141,163,180,132,118,119,116,129,141,140,148,153,142,164,117,130,142,142,119,171,171,193,210,204,162,148,149,159,171,170,183,205,222,160,161,183,182,190,183,216,183,183,205,222,174,160,161,183,182,188,210,179,165,187,199,199,221,232,176,174,199,198,199,199,221,238,232,190,176,177,174,187,199,52,50,41,53,52,53,56,59,42,56,53,44,51,45,45,45,45,49,49,56,65,71,65,53,53,49
75,71,84,63,71,77,83,76,72,85,64,72,73,78,84,76,64,72,136,136,172,175,183,141,116,150,149,146,139,139,175,178,186,119,122,128,141,153,152,149,154,135,135,171,174,140,115,118,124,137,149,148,145,150,136,172,125,138,150,136,116,165,165,201,204,212,170,145,148,167,179,178,177,213,216,157,160,191,190,187,177,224,177,177,213,216,182,157,160,191,190,182,218,187,162,195,193,193,229,240,173,182,207,206,193,193,229,232,240,198,173,176,182,195,207,60,58,49,61,60,61,55,67,39,55,61,41,59,53,53,53,42,57,57,55,59,65,59,61,61,57
68,74,77,63,71,73,79,69,75,78,64,72,73,74,80,69,64,72,116,116,136,133,141,182,110,120,112,104,119,119,139,136,144,113,116,122,119,123,115,107,112,115,115,135,132,181,109,112,118,115,119,111,103,108,116,136,119,116,120,116,110,145,145,165,162,170,211,139,142,145,149,141,157,177,174,151,154,161,153,145,157,182,157,157,177,174,223,151,154,161,153,162,182,228,156,158,173,173,193,198,167,176,177,169,173,173,193,190,198,239,167,170,176,173,177,48,46,41,55,60,54,48,53,31,50,56,22,41,49,53,49,33,57,57,52,39,45,39,53,53,53
57,49,55,52,49,59,54,58,50,56,53,50,49,60,55,58,53,50,110,110,111,119,116,110,182,141,151,146,113,113,114,122,119,185,179,178,123,144,154,149,143,109,109,110,118,109,181,175,174,119,140,150,145,139,110,111,175,120,141,110,182,139,139,140,148,145,139,211,205,149,170,180,151,152,160,223,217,182,192,187,151,157,151,151,152,160,151,223,217,182,192,156,157,156,228,197,167,167,168,173,239,232,198,208,167,167,168,176,173,167,239,233,232,177,198,33,29,27,35,38,35,36,34,32,39,38,27,31,31,31,31,40,35,35,40,33,39,33,39,39,35
58,52,58,53,52,60,57,59,53,59,54,53,51,61,58,59,54,53,111,111,114,120,119,113,176,144,154,140,114,114,117,123,122,179,185,181,126,147,157,143,137,110,110,113,119,112,175,181,177,122,143,153,139,133,111,114,178,123,144,111,176,140,140,143,149,148,142,205,211,152,173,183,152,155,161,217,223,185,195,181,152,160,152,152,155,161,154,217,223,185,195,157,160,159,222,200,168,168,171,176,233,235,201,211,168,168,171,177,176,170,233,239,235,180,201,36,32,30,38,41,38,42,37,26,45,41,21,34,34,34,34,34,38,38,46,34,40,34,42,42,38
55,58,64,50,58,57,63,56,59,65,51,59,53,58,64,56,51,59,108,108,120,117,125,119,175,150,160,139,111,111,123,120,128,178,181,187,132,153,163,142,136,107,107,119,116,118,174,177,183,128,149,159,138,132,108,120,184,129,150,108,175,137,137,149,146,154,148,204,207,158,179,189,149,161,158,216,219,191,201,180,149,166,149,149,161,158,160,216,219,191,201,154,166,165,221,206,165,165,177,182,232,241,207,217,165,165,177,174,182,176,232,235,241,186,207,42,38,36,44,47,44,38,43,25,41,47,20,40,40,40,40,33,44,44,42,31,37,31,48,48,44
60,68,69,60,68,62,68,61,69,70,61,69,63,63,69,61,61,69,100,100,150,130,138,116,120,153,147,141,103,103,153,133,141,123,126,132,184,156,150,144,149,99,99,149,129,115,119,122,128,180,152,146,140,145,100,150,129,181,153,100,120,129,129,179,159,167,145,149,152,210,182,176,141,191,171,161,164,194,188,182,141,179,141,141,191,171,157,161,164,194,188,146,196,162,166,193,157,157,207,195,177,186,210,204,157,157,207,187,195,173,177,180,186,238,210,55,51,60,66,65,66,60,72,42,54,60,53,57,59,59,59,31,63,63,61,65,64,65,64,64,60
53,63,62,55,63,55,61,54,64,63,56,64,58,56,62,54,56,64,103,103,139,142,150,120,141,182,174,153,106,106,142,145,153,144,147,153,156,185,177,156,161,102,102,138,141,119,140,143,149,152,181,173,152,157,103,139,150,153,182,103,141,132,132,168,171,179,149,170,173,182,211,203,144,180,183,182,185,223,215,194,144,191,144,144,180,183,161,182,185,223,215,149,185,166,187,220,160,160,196,207,198,207,239,231,160,160,196,199,207,177,198,201,207,210,239,54,50,43,55,58,55,49,61,37,53,59,31,49,51,51,51,38,55,55,53,49,55,49,55,55,55
71,84,89,78,86,77,85,71,84,89,78,86,74,77,85,70,77,85,78,78,77,73,81,69,54,75,75,75,78,78,77,73,81,54,57,63,76,75,75,75,76,81,81,80,76,72,57,60,66,79,78,78,78,79,78,77,63,76,75,78,54,64,64,63,59,67,55,40,43,62,61,61,65,64,60,41,44,62,62,62,65,68,65,65,64,60,56,41,44,62,62,66,65,57,42,63,57,57,56,60,33,42,54,54,57,57,56,52,60,48,33,36,42,55,54,243,230,166,198,180,192,195,196,176,176,173,160,210,184,170,175,160,172,181,181,166,165,166,188,197,200
67,73,85,67,75,73,81,67,73,85,67,75,70,73,81,66,66,74,76,76,75,71,79,67,50,71,71,62,76,76,75,71,79,50,53,59,72,71,71,62,63,79,79,78,74,70,53,56,62,75,74,74,65,66,76,75,59,72,71,76,50,62,62,61,57,65,53,36,39,58,57,57,63,62,58,37,40,58,58,49,63,66,63,63,62,58,54,37,40,58,58,64,63,55,38,59,55,55,54,58,29,38,50,50,55,55,54,50,58,46,29,32,38,51,50,230,241,169,185,183,195,182,183,163,163,176,147,197,171,173,178,171,175,168,168,169,168,169,191,184,187
81,85,89,81,89,75,83,81,85,89,81,89,84,75,83,80,80,88,67,67,79,62,70,62,48,64,60,51,67,67,79,62,70,48,51,57,81,64,60,51,56,70,70,82,65,65,51,54,60,84,67,63,54,59,67,79,57,81,64,67,48,53,53,65,48,56,48,34,37,67,50,46,54,66,49,35,38,51,47,38,54,57,54,54,66,49,49,35,38,51,47,55,67,50,36,48,46,46,58,49,27,36,43,39,46,46,58,41,49,41,27,30,36,60,43,166,169,238,195,191,199,186,193,148,183,196,143,170,197,203,204,167,205,198,193,194,190,194,190,183,176
86,97,100,93,101,86,94,86,97,100,93,101,89,86,94,85,92,100,72,72,85,74,82,76,56,76,72,72,72,72,85,74,82,56,59,65,87,76,72,72,77,75,75,88,77,79,59,62,68,90,79,75,75,80,72,85,65,87,76,72,56,58,58,71,60,68,62,42,45,73,62,58,59,72,61,43,46,63,59,59,59,69,59,59,72,61,63,43,46,63,59,60,73,64,44,60,51,51,64,61,35,44,55,51,51,51,64,53,61,55,35,38,44,66,55,198,185,195,240,220,228,231,232,162,201,198,158,205,209,199,200,164,201,210,212,191,190,191,197,206,206
82,94,92,82,90,90,98,82,94,92,82,90,85,90,98,81,81,89,67,67,84,73,81,81,59,79,75,62,67,67,84,73,81,59,62,68,86,79,75,62,67,70,70,87,76,84,62,65,71,89,82,78,65,70,67,84,68,86,79,67,59,53,53,70,59,67,67,45,48,72,65,61,54,71,60,46,49,66,62,49,54,68,54,54,71,60,68,46,49,66,62,55,72,69,47,63,46,46,63,60,38,47,58,54,46,46,63,52,60,60,38,41,47,65,58,180,183,191,220,239,226,213,214,159,196,209,144,189,204,216,211,177,220,213,207,191,190,191,201,194,201
81,87,95,81,89,83,91,81,87,95,81,89,84,83,91,80,80,88,69,69,85,74,82,75,56,76,72,63,69,69,85,74,82,56,59,65,87,76,72,63,68,72,72,88,77,78,59,62,68,90,79,75,66,71,69,85,65,87,76,69,56,55,55,71,60,68,61,42,45,73,62,58,56,72,61,43,46,63,59,50,56,69,56,56,72,61,62,43,46,63,59,57,73,63,44,60,48,48,64,61,35,44,55,51,48,48,64,53,61,54,35,38,44,66,55,192,195,199,228,226,238,225,226,156,195,208,152,199,203,205,210,174,207,200,200,201,200,201,204,197,200
86,90,91,93,92,88,87,86,90,91,93,92,84,88,87,85,92,91,72,72,79,77,76,69,57,70,66,73,72,72,79,77,76,57,63,59,81,70,66,73,78,75,75,82,80,72,60,66,62,84,73,69,76,81,72,79,59,81,70,72,57,58,58,65,63,62,55,43,49,67,56,52,59,66,64,44,50,57,53,60,59,63,59,59,66,64,56,44,50,57,53,60,67,57,45,54,51,51,58,55,36,38,49,45,51,51,58,56,55,48,36,42,38,60,49,195,182,186,231,213,225,238,229,166,208,195,162,202,206,192,197,168,194,203,213,197,196,197,191,200,203
81,94,95,88,96,83,91,81,94,95,88,96,84,83,91,80,87,95,64,64,91,80,88,74,55,82,78,78,64,64,91,80,88,55,58,64,93,82,78,78,83,67,67,94,83,77,58,61,67,96,85,81,81,86,64,91,64,93,82,64,55,50,50,77,66,74,60,41,44,79,68,64,51,78,67,42,45,69,65,65,51,75,51,51,78,67,61,42,45,69,65,52,79,62,43,66,43,43,70,67,34,43,61,57,43,43,70,59,67,53,34,37,43,72,61,196,183,193,232,214,226,229,241,168,202,199,167,203,207,193,198,162,195,204,204,200,199,200,192,201,204
84,83,69,88,85,71,66,84,83,69,88,85,78,71,66,83,87,84,58,58,64,63,60,52,53,58,57,69,58,58,64,63,60,53,47,46,63,58,57,69,71,61,61,67,66,55,56,50,49,66,61,60,72,74,58,64,46,63,58,58,53,44,44,50,49,46,38,39,33,49,44,43,45,51,50,40,34,45,44,56,45,47,45,45,51,50,39,40,34,45,44,46,52,40,41,45,37,37,43,39,32,25,37,36,37,37,43,42,39,31,32,26,25,42,37,176,163,148,162,159,156,166,168,239,167,157,177,160,164,150,155,162,154,163,170,160,159,160,159,168,180
86,90,83,93,92,82,81,86,90,83,93,92,84,82,81,85,92,91,69,69,73,77,76,71,60,74,70,73,69,69,73,77,76,60,66,62,75,74,70,73,78,72,72,76,80,74,63,69,65,78,77,73,76,81,69,73,62,75,74,69,60,55,55,59,63,62,57,46,52,61,60,56,56,60,64,47,53,61,57,60,56,63,56,56,60,64,58,47,53,61,57,57,61,59,48,58,48,48,52,55,39,41,53,49,48,48,52,56,55,50,39,45,41,54,53,176,163,183,201,196,195,208,202,167,239,226,164,182,220,206,211,181,200,209,219,195,201,195,178,187,209
81,87,87,81,89,77,85,81,87,87,81,89,84,77,85,80,80,88,66,66,79,74,82,77,59,80,76,63,66,66,79,74,82,59,62,68,81,80,76,63,68,69,69,82,77,80,62,65,71,84,83,79,66,71,66,79,68,81,80,66,59,52,52,65,60,68,63,45,48,67,66,62,53,66,61,46,49,67,63,50,53,69,53,53,66,61,64,46,49,67,63,54,67,65,47,64,45,45,58,61,38,47,59,55,45,45,58,53,61,56,38,41,47,60,59,173,176,196,198,209,208,195,199,157,226,239,154,179,217,219,224,187,213,206,206,199,205,199,191,184,206
59,58,53,63,60,53,48,59,58,53,63,60,53,53,48,58,62,59,61,61,71,65,62,43,48,52,54,74,61,61,71,65,62,48,42,41,74,52,54,74,73,64,64,74,68,46,51,45,44,77,55,57,77,76,61,71,41,74,52,61,48,47,47,57,51,48,29,34,28,60,38,40,48,58,52,35,29,39,41,61,48,49,48,48,58,52,30,35,29,39,41,49,59,31,36,42,40,40,50,41,27,20,31,33,40,40,50,44,41,22,27,21,20,53,31,160,147,143,158,144,152,162,167,177,164,154,237,170,162,148,153,153,142,151,158,168,167,168,138,147,160
66,79,80,73,81,68,76,66,79,80,73,81,69,68,76,65,72,80,77,77,76,72,80,62,52,70,73,77,77,77,76,72,80,52,55,61,78,70,73,77,75,80,80,79,75,65,55,58,64,81,73,76,80,78,77,76,61,78,70,77,52,63,63,62,58,66,48,38,41,64,56,59,64,63,59,39,42,57,60,64,64,67,64,64,63,59,49,39,42,57,60,65,64,50,40,61,56,56,55,59,31,40,49,52,56,56,55,51,59,41,31,34,40,57,49,210,197,170,205,189,199,202,203,160,182,179,170,233,190,176,181,169,178,187,187,178,177,178,171,180,185
87,100,93,94,102,83,91,87,100,93,94,102,90,83,91,86,93,101,68,68,78,66,74,70,52,72,68,64,68,68,78,66,74,52,55,61,80,72,68,64,69,71,71,81,69,73,55,58,64,83,75,71,67,72,68,78,61,80,72,68,52,54,54,64,52,60,56,38,41,66,58,54,55,65,53,39,42,59,55,51,55,61,55,55,65,53,57,39,42,59,55,56,66,58,40,56,47,47,57,53,31,40,51,47,47,47,57,45,53,49,31,34,40,59,51,184,171,197,209,204,203,206,207,164,220,217,162,190,238,224,229,182,218,227,220,194,190,194,193,202,217
84,96,90,84,92,86,94,84,96,90,84,92,87,86,94,83,83,91,67,67,78,66,74,74,52,72,68,55,67,67,78,66,74,52,55,61,80,72,68,55,60,70,70,81,69,77,55,58,64,83,75,71,58,63,67,78,61,80,72,67,52,53,53,64,52,60,60,38,41,66,58,54,54,65,53,39,42,59,55,42,54,61,54,54,65,53,61,39,42,59,55,55,66,62,40,56,46,46,57,53,31,40,51,47,46,46,57,45,53,53,31,34,40,59,51,170,173,203,199,216,205,192,193,150,206,219,148,176,224,236,231,184,230,223,210,196,192,196,200,193,203
85,91,91,85,93,81,89,85,91,91,85,93,88,81,89,84,84,92,68,68,78,66,74,70,52,72,68,55,68,68,78,66,74,52,55,61,80,72,68,55,60,71,71,81,69,73,55,58,64,83,75,71,58,63,68,78,61,80,72,68,52,54,54,64,52,60,56,38,41,66,58,54,55,65,53,39,42,59,55,42,55,61,55,55,65,53,57,39,42,59,55,56,66,58,40,56,47,47,57,53,31,40,51,47,47,47,57,45,53,49,31,34,40,59,51,175,178,204,200,211,210,197,198,155,211,224,153,181,229,231,236,189,225,218,211,201,197,201,200,193,208
70,65,63,70,67,66,63,70,65,63,70,67,67,66,63,69,69,66,74,74,52,66,63,54,61,59,66,69,74,74,52,66,63,61,55,54,52,59,66,69,63,77,77,55,69,57,64,58,57,55,62,69,72,66,74,52,54,52,59,74,61,60,60,38,52,49,40,47,41,38,45,52,61,39,53,48,42,46,53,56,61,50,61,61,39,53,41,48,42,46,53,62,40,42,49,54,53,53,31,42,40,33,38,45,53,53,31,45,42,33,40,34,33,31,38,160,171,167,164,177,174,168,162,162,181,187,153,169,182,184,189,229,188,181,181,179,185,179,166,159,164
88,100,92,88,96,90,98,88,100,92,88,96,91,90,98,87,87,95,71,71,82,70,78,78,56,76,72,59,71,71,82,70,78,56,59,65,84,76,72,59,64,74,74,85,73,81,59,62,68,87,79,75,62,67,71,82,65,84,76,71,56,57,57,68,56,64,64,42,45,70,62,58,58,69,57,43,46,63,59,46,58,65,58,58,69,57,65,43,46,63,59,59,70,66,44,60,50,50,61,57,35,44,55,51,50,50,61,49,57,57,35,38,44,63,55,172,175,205,201,220,207,194,195,154,200,213,142,178,218,230,225,188,234,227,214,198,194,198,204,197,197
90,109,94,97,105,92,100,90,109,94,97,105,93,92,100,89,96,104,71,71,82,70,78,78,56,76,72,68,71,71,82,70,78,56,59,65,84,76,72,68,73,74,74,85,73,81,59,62,68,87,79,75,71,76,71,82,65,84,76,71,56,57,57,68,56,64,64,42,45,70,62,58,58,69,57,43,46,63,59,55,58,65,58,58,69,57,65,43,46,63,59,59,70,66,44,60,50,50,61,57,35,44,55,51,50,50,61,49,57,57,35,38,44,63,55,181,168,198,210,213,200,203,204,163,209,206,151,187,227,223,218,181,227,236,223,191,187,191,197,206,206
94,96,89,101,100,88,87,94,96,89,101,100,92,88,87,93,100,99,75,75,80,77,76,73,61,74,70,73,75,75,80,77,76,61,67,63,82,74,70,73,78,78,78,83,80,76,64,70,66,85,77,73,76,81,75,80,63,82,74,75,61,61,61,66,63,62,59,47,53,68,60,56,62,67,64,48,54,61,57,60,62,63,62,62,67,64,60,48,54,61,57,63,68,61,49,58,54,54,59,55,40,42,53,49,54,54,59,56,55,52,40,46,42,61,53,181,168,193,212,207,200,213,204,170,219,206,158,187,220,210,211,181,214,223,235,200,196,200,188,197,206
81,73,75,81,75,77,71,81,73,75,81,75,75,77,71,80,80,74,70,70,84,86,80,60,54,70,66,72,70,70,84,86,80,54,55,52,86,70,66,72,77,73,73,87,89,63,57,58,55,89,73,69,75,80,70,84,52,86,70,70,54,56,56,70,72,66,46,40,41,72,56,52,57,71,73,41,42,57,53,59,57,67,57,57,71,73,47,41,42,57,53,58,72,48,42,54,49,49,63,59,33,31,49,45,49,49,63,65,59,39,33,34,31,65,49,166,169,194,191,191,201,197,200,160,195,199,168,178,194,196,201,179,198,191,200,234,230,234,182,175,180
79,71,73,79,73,75,69,79,71,73,79,73,73,75,69,78,78,72,76,76,83,92,86,66,60,76,72,78,76,76,83,92,86,60,61,58,85,76,72,78,83,79,79,86,95,69,63,64,61,88,79,75,81,86,76,83,58,85,76,76,60,62,62,69,78,72,52,46,47,71,62,58,63,70,79,47,48,63,59,65,63,73,63,63,70,79,53,47,48,63,59,64,71,54,48,60,55,55,62,65,39,37,55,51,55,55,62,71,65,45,39,40,37,64,55,165,168,190,190,190,200,196,199,159,201,205,167,177,190,192,197,185,194,187,196,230,236,230,181,174,179
81,73,75,81,75,77,71,81,73,75,81,75,75,77,71,80,80,74,70,70,84,86,80,60,54,70,66,72,70,70,84,86,80,54,55,52,86,70,66,72,77,73,73,87,89,63,57,58,55,89,73,69,75,80,70,84,52,86,70,70,54,56,56,70,72,66,46,40,41,72,56,52,57,71,73,41,42,57,53,59,57,67,57,57,71,73,47,41,42,57,53,58,72,48,42,54,49,49,63,59,33,31,49,45,49,49,63,65,59,39,33,34,31,65,49,166,169,194,191,191,201,197,200,160,195,199,168,178,194,196,201,179,198,191,200,234,230,234,182,175,180
89,97,94,89,97,88,96,89,97,94,89,97,92,88,96,88,88,96,72,72,86,74,82,74,60,76,72,63,72,72,86,74,82,60,63,69,85,76,72,63,68,75,75,89,77,77,63,66,72,88,79,75,66,71,72,86,69,85,76,72,60,58,58,72,60,68,60,46,49,71,62,58,59,73,61,47,50,63,59,50,59,69,59,59,73,61,61,47,50,63,59,60,74,62,48,60,51,51,65,61,39,48,55,51,51,51,65,53,61,53,39,42,48,64,55,188,191,190,197,201,204,191,192,159,178,191,138,171,193,200,200,166,204,197,188,182,181,182,242,235,218
91,106,96,98,106,90,98,91,106,96,98,106,94,90,98,90,97,105,72,72,86,74,82,74,60,76,72,72,72,72,86,74,82,60,63,69,85,76,72,72,77,75,75,89,77,77,63,66,72,88,79,75,75,80,72,86,69,85,76,72,60,58,58,72,60,68,60,46,49,71,62,58,59,73,61,47,50,63,59,59,59,69,59,59,73,61,61,47,50,63,59,60,74,62,48,60,51,51,65,61,39,48,55,51,51,51,65,53,61,53,39,42,48,64,55,197,184,183,206,194,197,200,201,168,187,184,147,180,202,193,193,159,197,206,197,175,174,175,235,244,227
87,100,94,94,102,84,92,87,100,94,94,102,90,84,92,86,93,101,65,65,82,70,78,74,56,76,72,68,65,65,82,70,78,56,59,65,81,76,72,68,73,68,68,85,73,77,59,62,68,84,79,75,71,76,65,82,65,81,76,65,56,51,51,68,56,64,60,42,45,67,62,58,52,69,57,43,46,63,59,55,52,65,52,52,69,57,61,43,46,63,59,53,70,62,44,60,44,44,61,57,35,44,55,51,44,44,61,49,57,53,35,38,44,60,55,200,187,176,206,201,200,203,204,180,209,206,160,185,217,203,208,164,197,206,206,180,179,180,218,227,249
