HLA-B*08:01,HLA-A*24:02,HLA-A*24:03,HLA-B*38:02,HLA-B*51:01,HLA-B*57:01,HLA-A*23:01,HLA-B*15:17,HLA-B*50:01,HLA-B*07:05,HLA-B*07:02,HLA-A*68:01,HLA-A*68:02,HLA-A*32:01,HLA-B*40:06,HLA-B*44:02,HLA-B*13:02,HLA-B*18:01,HLA-B*35:02,HLA-B*49:01,HLA-C*15:02,HLA-B*38:01,HLA-C*07:01,HLA-C*07:02,HLA-C*07:04,HLA-C*08:02,HLA-C*08:03,HLA-C*01:02,HLA-C*04:01,HLA-A*26:01,HLA-B*35:08,HLA-B*35:03,HLA-B*15:03,HLA-B*15:01,HLA-B*15:07,HLA-A*11:01,HLA-C*15:05,HLA-A*30:01,HLA-A*30:02,HLA-A*03:02,HLA-C*05:01,HLA-B*14:01,HLA-B*14:02,HLA-A*01:01,HLA-A*03:01,HLA-B*41:02,HLA-B*41:01,HLA-B*15:18,HLA-B*53:01,HLA-C*17:01,HLA-A*02:05,HLA-A*02:06,HLA-A*02:01,HLA-C*03:04,HLA-B*45:01,HLA-C*03:02,HLA-A*34:01,HLA-C*06:02,HLA-A*66:01,HLA-A*33:03,HLA-B*55:01,HLA-B*39:01,HLA-B*27:05,HLA-B*39:06,HLA-C*16:02,HLA-C*16:01,HLA-B*48:01,HLA-B*37:01,HLA-A*25:01,HLA-A*29:02,HLA-A*29:01,HLA-B*56:01,HLA-C*03:03,HLA-A*31:01,HLA-C*14:02,HLA-B*52:01,HLA-B*40:01,HLA-C*12:03,HLA-B*40:02,HLA-C*08:01,HLA-A*33:01,HLA-C*02:02,HLA-B*35:01,HLA-B*58:01,HLA-B*44:03
226,110,126,163,146,103,111,106,148,183,178,123,134,122,164,131,137,162,176,131,127,160,133,124,144,149,149,140,134,110,164,167,153,143,148,106,131,118,127,113,140,177,177,84,103,189,178,159,145,101,117,114,114,138,150,131,113,133,107,125,167,186,147,182,132,141,161,160,111,119,119,167,138,115,136,132,151,130,173,149,120,122,162,105,121
110,224,212,101,95,117,209,121,76,100,98,123,135,147,90,97,99,82,93,93,94,106,73,73,81,105,104,99,114,115,85,87,78,88,88,123,98,122,142,130,110,91,91,134,117,104,98,74,99,70,146,143,143,96,86,89,112,94,101,120,92,98,105,92,109,104,78,96,126,123,123,92,96,127,107,99,79,90,96,104,115,94,82,109,95
126,212,228,117,111,133,197,137,92,116,114,139,151,163,106,97,115,98,109,109,110,122,89,89,97,121,120,115,130,131,101,103,94,104,104,139,114,138,158,146,126,107,107,122,133,120,114,90,115,86,162,159,159,112,86,105,128,110,117,136,108,114,121,108,125,120,94,112,142,139,139,108,112,143,123,115,95,106,112,120,131,110,98,125,95
163,101,117,231,168,137,112,147,159,152,147,123,136,127,162,159,176,172,180,168,133,225,106,97,102,136,144,110,122,120,164,178,170,154,148,101,139,108,121,104,140,182,182,84,104,166,166,186,179,109,131,134,130,126,143,123,119,107,113,120,152,206,156,194,121,117,163,170,120,118,118,152,126,110,102,163,157,110,168,144,115,121,170,146,167
146,95,111,168,235,143,106,156,169,149,144,103,114,118,169,136,178,157,185,186,127,173,85,76,85,126,126,108,113,112,165,176,156,153,155,93,131,99,115,86,131,162,162,73,99,146,157,162,188,105,108,113,109,135,140,127,106,102,105,100,169,146,117,165,114,109,141,139,123,98,98,167,135,90,102,221,133,110,152,126,106,119,171,148,144
103,117,133,137,143,220,128,186,123,109,114,136,131,166,125,138,148,131,141,140,132,142,102,87,80,108,116,97,95,128,146,146,144,148,149,138,132,141,152,136,113,108,108,119,136,122,116,139,169,90,140,147,143,126,107,130,118,106,123,133,117,115,121,113,126,121,116,117,139,144,144,128,126,138,106,147,110,114,128,116,128,122,152,207,146
111,209,197,112,106,128,220,132,87,102,100,115,127,158,101,98,110,93,104,104,105,117,84,84,82,107,115,101,116,107,87,98,89,93,93,108,109,133,153,115,112,102,102,123,115,105,99,85,110,81,138,141,141,107,87,100,104,99,93,131,103,109,116,103,107,102,89,97,118,134,134,103,107,138,109,110,90,95,107,115,126,99,93,120,106
106,121,137,147,156,186,132,225,144,125,123,141,146,165,125,144,147,131,147,161,143,152,107,92,86,131,131,105,118,154,142,145,157,161,155,140,144,134,148,133,136,123,123,121,146,125,125,152,165,109,144,147,143,138,115,143,144,111,149,136,129,125,142,113,123,118,119,123,165,144,144,127,138,137,111,160,120,119,131,131,131,135,148,188,152
148,76,92,159,169,123,87,144,230,147,142,96,106,109,205,154,184,174,176,213,137,156,115,106,112,142,142,117,121,107,164,172,192,183,177,95,133,103,115,89,133,161,161,72,102,186,205,182,153,107,111,116,113,146,201,146,105,111,104,98,172,163,145,170,112,121,161,163,108,100,100,170,146,99,120,180,181,122,192,142,93,124,170,131,162
183,100,116,152,149,109,102,125,147,226,221,131,142,121,158,114,138,144,166,130,149,149,128,119,129,176,163,163,149,132,159,157,159,148,153,126,153,121,127,117,167,179,179,99,121,161,150,165,135,135,119,117,113,164,126,157,134,135,135,117,193,175,157,171,145,154,162,132,133,117,117,184,164,107,151,138,145,151,167,163,112,155,152,111,114
178,98,114,147,144,114,100,123,142,221,226,129,140,121,153,119,133,149,161,125,154,144,133,124,134,171,158,168,144,132,164,162,164,153,158,124,158,123,129,115,162,174,174,97,119,156,145,170,140,130,117,115,111,169,121,162,134,140,135,117,188,170,155,166,150,159,157,127,133,115,115,179,169,107,156,133,140,156,162,158,112,160,157,116,119
123,123,139,123,103,136,115,141,96,131,129,232,212,165,103,107,114,117,126,91,143,117,116,101,103,137,140,119,119,192,126,124,108,131,131,195,144,169,153,198,137,124,124,149,192,112,107,115,122,105,179,167,163,132,86,133,206,134,206,187,135,131,141,126,141,141,96,117,178,180,180,135,132,177,125,96,91,147,108,140,182,146,127,128,109
134,135,151,136,114,131,127,146,106,142,140,212,236,149,114,105,118,122,143,101,153,130,121,106,116,150,153,128,132,188,131,137,113,136,130,177,157,168,152,180,150,129,129,131,174,123,124,120,127,118,203,191,187,149,96,138,202,131,202,171,139,144,142,133,138,138,107,130,174,160,160,139,149,161,122,107,108,144,119,153,166,151,132,133,107
122,147,163,127,118,166,158,165,109,121,121,165,149,221,116,118,129,121,127,118,135,132,115,100,96,125,133,116,108,157,124,127,122,126,126,160,136,163,179,170,122,125,125,146,170,119,114,118,139,95,144,151,154,127,93,128,147,111,147,177,130,132,138,127,127,130,108,111,176,172,172,130,127,186,119,122,104,123,121,133,172,119,130,158,126
164,90,106,162,169,125,101,125,205,158,153,103,114,116,233,148,199,174,177,188,119,159,110,101,110,132,140,119,111,97,157,168,172,163,165,101,123,110,119,98,123,158,158,78,98,202,213,162,146,105,119,124,121,134,189,126,93,105,94,105,166,166,160,185,114,123,185,166,98,107,107,170,134,106,114,180,197,116,216,140,100,119,163,124,156
131,97,97,159,136,138,98,144,154,114,119,107,105,118,148,219,161,149,151,163,116,153,89,80,94,108,108,93,94,111,161,156,165,162,156,105,117,92,105,103,112,119,119,99,93,165,166,155,168,81,107,108,104,118,177,119,105,96,104,100,107,134,136,123,116,112,133,159,111,104,104,118,118,101,95,147,142,101,153,108,95,116,159,146,209
137,99,115,176,178,148,110,147,184,138,133,114,118,129,199,161,230,154,160,193,127,170,93,84,90,119,127,100,105,112,148,156,160,160,162,112,123,111,124,108,123,143,143,92,108,168,179,150,163,105,123,128,124,116,168,116,104,101,105,111,159,151,151,170,117,113,165,158,112,117,117,163,116,112,98,189,163,106,182,127,106,122,154,141,169
162,82,98,172,157,131,93,131,174,144,149,117,122,121,174,149,154,224,184,157,131,169,132,123,114,131,139,119,110,112,189,189,188,179,173,95,131,109,118,99,122,172,172,72,99,178,178,189,178,91,117,120,117,134,158,142,115,120,109,121,147,176,145,164,127,136,160,172,113,113,113,147,134,111,127,157,169,129,180,139,127,127,195,145,157
176,93,109,180,185,141,104,147,176,166,161,126,143,127,177,151,160,184,226,159,141,177,118,109,113,151,159,126,124,124,206,217,181,178,172,109,145,114,123,107,142,169,169,85,107,176,177,187,195,119,134,141,137,163,160,152,122,106,121,123,164,184,137,173,126,135,171,168,125,117,117,175,163,113,120,171,171,128,182,159,118,130,212,155,159
131,93,109,168,186,140,104,161,213,130,125,91,101,118,188,163,193,157,159,230,134,173,98,89,95,125,125,100,118,106,147,155,175,166,160,90,130,98,114,84,130,144,144,71,97,169,188,165,170,104,106,111,108,129,184,129,100,108,99,93,155,146,140,153,109,104,144,158,117,99,99,153,129,94,103,197,164,105,175,125,88,121,153,148,171
127,94,110,133,127,132,105,143,137,149,154,143,153,135,119,116,127,131,141,134,226,131,171,156,157,193,193,173,185,144,139,147,147,143,137,137,222,148,145,135,203,141,141,105,148,122,123,142,142,176,131,138,134,199,108,196,148,180,148,136,164,143,129,132,192,182,113,122,130,141,141,151,199,137,175,127,113,183,124,193,131,200,145,141,124
160,106,122,225,173,142,117,152,156,149,144,117,130,132,159,153,170,169,177,173,131,230,103,94,99,133,141,107,120,114,161,175,167,151,145,95,137,102,115,98,138,179,179,78,98,163,163,183,184,107,125,128,124,123,140,120,113,105,107,114,149,203,150,191,119,114,160,164,125,112,112,149,123,104,99,168,154,107,165,141,109,119,167,151,161
133,73,89,106,85,102,84,107,115,128,133,116,121,115,110,89,93,132,118,98,171,103,215,200,191,165,172,156,159,105,123,123,133,123,117,113,171,129,121,112,156,119,119,81,117,114,114,128,112,153,103,106,106,168,94,176,113,175,113,125,131,129,117,117,164,173,119,102,98,121,121,126,168,126,167,85,124,172,116,172,120,161,129,111,97
124,73,89,97,76,87,84,92,106,119,124,101,106,100,101,80,84,123,109,89,156,94,200,211,187,161,168,162,159,90,114,114,124,114,108,98,156,114,106,97,152,110,110,66,102,105,105,119,103,149,99,102,102,164,85,172,109,171,98,110,122,120,108,108,160,169,110,108,83,106,106,117,164,111,167,76,115,168,107,168,105,157,120,96,88
144,81,97,102,85,80,82,86,112,129,134,103,116,96,110,94,90,114,113,95,157,99,191,187,220,174,173,162,168,92,115,121,115,111,105,104,163,113,105,103,165,115,115,70,98,125,132,110,96,156,107,106,106,168,109,163,111,168,100,106,128,125,102,120,161,170,112,118,85,102,102,123,168,107,162,85,117,165,109,173,101,154,113,89,84
149,105,121,136,126,108,107,131,142,176,171,137,150,125,132,108,119,131,151,125,193,133,165,161,174,227,214,195,200,132,148,149,147,148,142,135,199,134,127,133,218,157,157,103,137,144,144,142,124,174,143,141,137,204,121,201,151,171,140,123,169,159,128,147,187,196,127,133,125,126,126,156,204,124,193,126,127,193,138,214,118,191,141,117,108
149,104,120,144,126,116,115,131,142,163,158,140,153,133,140,108,127,139,159,125,193,141,172,168,173,214,226,182,187,127,143,157,147,143,137,133,199,141,132,132,205,157,157,97,137,144,144,142,132,174,146,149,145,204,121,201,146,166,135,131,169,167,136,155,185,194,135,133,120,134,134,164,204,132,180,126,135,188,146,226,126,186,149,125,116
140,99,115,110,108,97,101,105,117,163,168,119,128,116,119,93,100,119,126,100,173,107,156,162,162,195,182,235,176,108,129,127,134,129,129,117,177,127,120,122,186,153,153,92,126,130,124,129,105,142,121,119,122,189,96,182,127,184,116,111,146,133,111,128,190,199,114,118,101,112,112,133,189,112,204,108,107,196,124,182,106,172,122,98,93
134,114,130,122,113,95,116,118,121,149,144,119,132,108,111,94,105,110,124,118,185,120,159,159,168,200,187,176,223,118,121,122,120,121,115,117,191,131,128,119,210,130,130,93,123,123,123,115,111,175,125,123,123,177,100,174,133,184,122,122,142,132,116,120,179,169,100,125,104,124,124,129,177,123,188,113,106,175,117,187,117,183,114,104,94
110,115,131,120,112,128,107,154,107,132,132,192,188,157,97,111,112,112,124,106,144,114,105,90,92,132,127,108,118,237,126,124,121,144,138,174,145,143,158,160,136,122,122,159,167,99,100,128,126,111,168,156,152,134,84,135,208,127,220,168,129,124,128,113,126,122,90,104,216,158,158,121,134,158,114,105,91,136,102,127,163,154,127,130,113
164,85,101,164,165,146,87,142,164,159,164,126,131,124,157,161,148,189,206,147,139,161,123,114,115,148,143,129,121,126,224,211,186,188,182,113,139,107,116,111,139,153,153,93,102,164,165,192,200,103,122,124,120,153,156,157,124,116,123,120,152,168,132,157,140,149,151,160,127,112,112,163,153,110,138,151,151,138,162,143,115,140,217,160,161
167,87,103,178,176,146,98,145,172,157,162,124,137,127,168,156,156,189,217,155,147,175,123,114,121,149,157,127,122,124,211,225,186,183,177,107,153,113,122,105,140,167,167,83,105,167,168,192,200,117,128,135,131,164,156,157,122,111,121,123,160,182,135,171,131,140,162,166,125,115,115,171,164,113,125,162,162,133,173,157,118,135,217,160,164
153,78,94,170,156,144,89,157,192,159,164,108,113,122,172,165,160,188,181,175,147,167,133,124,115,147,147,134,120,121,186,186,221,205,199,107,147,111,123,100,138,172,172,83,113,172,172,211,175,111,119,122,118,161,163,169,119,129,118,107,158,174,147,162,135,144,173,158,122,107,107,156,161,108,137,167,167,145,178,147,102,147,192,153,173
143,88,104,154,153,148,93,161,183,148,153,131,136,126,163,162,160,179,178,166,143,151,123,114,111,148,143,129,121,144,188,183,205,228,222,117,143,115,127,110,139,156,156,92,117,169,169,195,172,107,142,126,122,157,160,165,142,138,141,111,148,158,133,146,137,146,157,155,145,111,111,146,157,112,138,164,158,160,169,143,106,162,189,150,164
148,88,104,148,155,149,93,155,177,153,158,131,130,126,165,156,162,173,172,160,137,145,117,108,105,142,137,129,115,138,182,177,199,222,227,118,137,116,128,111,133,156,156,93,118,174,163,189,166,101,136,120,116,151,154,159,136,138,135,111,150,152,134,148,137,146,162,149,139,111,111,148,151,112,138,166,152,160,174,137,106,156,183,144,158
106,123,139,101,93,138,108,140,95,126,124,195,177,160,101,105,112,95,109,90,137,95,113,98,104,135,133,117,117,174,113,107,107,117,118,224,138,175,161,207,135,107,107,175,199,106,100,103,105,106,159,160,156,131,84,132,176,115,188,163,120,109,138,106,145,145,93,110,160,168,168,120,131,172,123,97,87,128,105,133,158,134,110,126,103
131,98,114,139,131,132,109,144,133,153,158,144,157,136,123,117,123,131,145,130,222,137,171,156,163,199,199,177,191,145,139,153,147,143,137,138,228,150,147,136,209,147,147,106,149,126,127,142,142,182,135,142,138,203,104,196,149,180,149,137,160,149,130,138,192,182,117,128,131,142,142,147,203,138,175,131,117,183,128,199,132,200,145,141,125
118,122,138,108,99,141,133,134,103,121,123,169,168,163,110,92,111,109,114,98,148,102,129,114,113,134,141,127,131,143,107,113,111,115,116,175,150,226,196,178,134,115,115,134,184,112,106,107,108,107,150,157,157,141,81,136,157,130,157,174,127,116,135,113,136,136,96,113,129,173,173,121,141,183,138,103,96,131,114,141,169,130,113,129,100
127,142,158,121,115,152,153,148,115,127,129,153,152,179,119,105,124,118,123,114,145,115,121,106,105,127,132,120,128,158,116,122,123,127,128,161,147,196,224,162,131,127,127,148,171,121,115,119,121,104,147,154,154,134,90,129,144,127,144,171,133,125,135,122,132,128,105,116,148,172,172,124,134,180,131,119,105,124,123,132,166,127,122,140,113
113,130,146,104,86,136,115,133,89,117,115,198,180,170,98,103,108,99,107,84,135,98,112,97,103,133,132,122,119,160,111,105,100,110,111,207,136,178,162,224,133,105,105,165,211,110,104,96,103,97,162,163,166,124,83,125,174,117,174,170,118,112,135,109,140,140,89,114,146,175,175,118,124,179,125,90,84,126,102,132,165,125,108,124,101
140,110,126,140,131,113,112,136,133,167,162,137,150,122,123,112,123,122,142,130,203,138,156,152,165,218,205,186,210,136,139,140,138,139,133,135,209,134,131,133,228,148,148,107,137,135,135,133,129,184,143,141,137,195,112,192,151,181,140,123,160,150,128,138,197,187,118,133,122,130,130,147,195,124,184,131,118,184,129,205,118,201,132,122,112
177,91,107,182,162,108,102,123,161,179,174,124,129,125,158,119,143,172,169,144,141,179,119,110,115,157,157,153,130,122,153,167,172,156,156,107,147,115,127,105,148,236,236,82,118,161,155,188,142,117,112,115,111,147,132,144,125,137,119,121,180,205,153,200,143,152,158,144,123,115,115,167,147,111,145,157,146,153,163,157,127,129,159,109,127
177,91,107,182,162,108,102,123,161,179,174,124,129,125,158,119,143,172,169,144,141,179,119,110,115,157,157,153,130,122,153,167,172,156,156,107,147,115,127,105,148,236,236,82,118,161,155,188,142,117,112,115,111,147,132,144,125,137,119,121,180,205,153,200,143,152,158,144,123,115,115,167,147,111,145,157,146,153,163,157,127,129,159,109,127
84,134,122,84,73,119,123,121,72,99,97,149,131,146,78,99,92,72,85,71,105,78,81,66,70,103,97,92,93,159,93,83,83,92,93,175,106,134,148,165,107,82,82,223,161,81,75,78,85,74,126,128,131,95,75,96,130,86,142,135,89,88,105,85,109,105,69,79,138,145,145,89,95,144,95,77,64,91,82,97,130,101,86,107,99
103,117,133,104,99,136,115,146,102,121,119,192,174,170,98,93,108,99,107,97,148,98,117,102,98,137,137,126,123,167,102,105,113,117,118,199,149,184,171,211,137,118,118,161,224,100,94,109,103,110,156,163,166,137,73,138,181,124,181,170,131,112,135,109,132,132,89,104,153,175,175,118,137,179,129,103,84,133,102,137,165,132,108,124,101
189,104,120,166,146,122,105,125,186,161,156,112,123,119,202,165,168,178,176,169,122,163,114,105,125,144,144,130,123,99,164,167,172,169,174,106,126,112,121,110,135,161,161,81,100,227,216,162,145,96,129,126,123,133,188,126,102,114,96,108,147,170,153,166,127,136,180,187,100,110,110,147,133,109,125,157,189,125,211,144,103,117,162,123,155
178,98,114,166,157,116,99,125,205,150,145,107,124,114,213,166,179,178,177,188,123,163,114,105,132,144,144,124,123,100,165,168,172,169,163,100,127,106,115,104,135,155,155,75,94,216,235,162,146,97,129,128,125,134,207,126,103,108,97,103,158,170,146,177,121,130,169,188,101,105,105,158,134,104,119,168,189,119,200,144,98,117,163,124,156
159,74,90,186,162,139,85,152,182,165,170,115,120,118,162,155,150,189,187,165,142,183,128,119,110,142,142,129,115,128,192,192,211,195,189,103,142,107,119,96,133,188,188,78,109,162,162,227,181,106,115,118,114,156,153,164,126,124,125,114,164,190,152,178,130,139,163,148,129,106,106,162,156,104,132,157,157,140,168,142,109,142,198,148,163
145,99,115,179,188,169,110,165,153,135,140,122,127,139,146,168,163,178,195,170,142,184,112,103,96,124,132,105,111,126,200,200,175,172,166,105,142,108,121,103,129,142,142,85,103,145,146,181,223,106,118,125,121,142,137,146,120,114,119,121,141,157,133,146,134,129,140,153,137,117,117,152,142,111,114,174,140,122,151,132,116,138,206,183,176
101,70,86,109,105,90,81,109,107,135,130,105,118,95,105,81,105,91,119,104,176,107,153,149,156,174,174,142,175,111,103,117,111,107,101,106,182,107,104,97,184,117,117,74,110,96,97,106,106,219,107,114,110,172,78,165,119,154,115,101,130,119,109,108,157,147,125,98,97,103,103,121,172,102,140,105,125,157,110,174,96,177,109,99,89
117,146,162,131,108,140,138,144,111,119,117,179,203,144,119,107,123,117,134,106,131,125,103,99,107,143,146,121,125,168,122,128,119,142,136,159,135,150,147,162,143,112,112,126,156,129,129,115,118,107,240,224,220,138,101,131,180,124,169,151,115,127,133,115,131,131,113,132,154,140,140,115,138,156,115,112,114,137,125,146,146,144,123,142,109
114,143,159,134,113,147,141,147,116,117,115,167,191,151,124,108,128,120,141,111,138,128,106,102,106,141,149,119,123,156,124,135,122,126,120,160,142,157,154,163,141,115,115,128,163,126,128,118,125,114,224,233,229,145,100,134,168,108,157,158,120,130,136,120,128,128,116,133,142,147,147,120,145,163,113,117,117,121,128,149,153,128,130,149,116
114,143,159,130,109,143,141,143,113,113,111,163,187,154,121,104,124,117,137,108,134,124,106,102,106,137,145,122,123,152,120,131,118,122,116,156,138,157,154,166,137,111,111,131,166,123,125,114,121,110,220,229,232,141,97,130,164,108,153,158,116,126,133,116,124,124,112,130,138,147,147,116,141,163,113,113,114,117,125,145,153,124,126,145,112
138,96,112,126,135,126,107,138,146,164,169,132,149,127,134,118,116,134,163,129,199,123,168,164,168,204,204,189,177,134,153,164,161,157,151,131,203,141,134,124,195,147,147,95,137,133,134,156,142,172,138,145,141,226,117,215,148,169,142,125,162,149,128,138,181,190,128,119,127,126,126,160,226,126,183,135,128,191,139,204,120,193,159,135,126
150,86,86,143,140,107,87,115,201,126,121,86,96,93,189,177,168,158,160,184,108,140,94,85,109,121,121,96,100,84,156,156,163,160,154,84,104,81,90,83,112,132,132,75,73,188,207,153,137,78,101,100,97,117,224,117,82,88,81,82,143,147,129,154,101,110,145,165,85,84,84,154,117,83,99,151,165,99,176,121,77,101,154,115,167
131,89,105,123,127,130,100,143,146,157,162,133,138,128,126,119,116,142,152,129,196,120,176,172,163,201,201,182,174,135,157,157,169,165,159,132,196,136,129,125,192,144,144,96,138,126,126,164,146,165,131,134,130,215,117,223,149,177,143,126,162,146,133,134,189,198,121,112,128,127,127,160,215,127,191,127,121,199,132,201,121,201,163,139,127
113,112,128,119,106,118,104,144,105,134,134,206,202,147,93,105,104,115,122,100,148,113,113,109,111,151,146,127,133,208,124,122,119,142,136,176,149,157,144,174,151,125,125,130,181,102,103,126,120,119,180,168,164,148,82,149,233,142,222,169,138,127,133,116,141,141,86,113,194,154,154,125,148,159,133,99,87,155,98,146,164,162,125,120,107
133,94,110,107,102,106,99,111,111,135,140,134,131,111,105,96,101,120,106,108,180,105,175,171,168,171,166,184,184,127,116,111,129,138,138,115,180,130,127,117,181,137,137,86,124,114,108,124,114,154,124,108,108,169,88,177,142,236,131,124,134,117,118,112,201,191,94,105,113,124,124,121,169,125,195,102,93,214,110,166,119,200,117,107,98
107,101,117,113,105,123,93,149,104,135,135,206,202,147,94,104,105,109,121,99,148,107,113,98,100,140,135,116,122,220,123,121,118,141,135,188,149,157,144,174,140,119,119,142,181,96,97,125,119,115,169,157,153,142,81,143,222,131,234,169,132,121,134,110,130,130,87,107,206,154,154,124,142,159,122,98,88,144,99,135,164,158,124,125,106
125,120,136,120,100,133,131,136,98,117,117,187,171,177,105,100,111,121,123,93,136,114,125,110,106,123,131,111,122,168,120,123,107,111,111,163,137,174,171,170,123,121,121,135,170,108,103,114,121,101,151,158,158,125,82,126,169,124,169,222,126,128,140,123,128,128,93,113,154,183,183,126,125,212,125,93,93,126,110,131,217,120,126,125,108
167,92,108,152,169,117,103,129,172,193,188,135,139,130,166,107,159,147,164,155,164,149,131,122,128,169,169,146,142,129,152,160,158,148,150,120,160,127,133,118,160,180,180,89,131,147,158,164,141,130,115,120,116,162,143,162,138,134,132,126,230,175,148,194,146,155,142,125,130,126,126,217,162,116,148,158,130,156,149,169,121,147,158,117,115
186,98,114,206,146,115,109,125,163,175,170,131,144,132,166,134,151,176,184,146,143,203,129,120,125,159,167,133,132,124,168,182,174,158,152,109,149,116,125,112,150,205,205,88,112,170,170,190,157,119,127,130,126,149,147,146,127,117,121,128,175,229,164,217,131,140,167,159,125,122,122,175,149,118,125,141,161,133,172,167,123,131,174,124,142
147,105,121,156,117,121,116,142,145,157,155,141,142,138,160,136,151,145,137,140,129,150,117,108,102,128,136,111,116,128,132,135,147,133,134,138,130,135,135,135,128,153,153,105,135,153,146,152,133,109,133,136,133,128,129,133,133,118,134,140,148,164,231,158,127,127,144,146,122,139,139,152,128,141,118,123,149,120,167,136,135,135,138,125,144
182,92,108,194,165,113,103,113,170,171,166,126,133,127,185,123,170,164,173,153,132,191,117,108,120,147,155,128,120,113,157,171,162,146,148,106,138,113,122,109,138,200,200,85,109,166,177,178,146,108,115,120,116,138,154,134,116,112,110,123,194,217,158,236,126,135,163,148,114,117,117,194,138,113,120,160,149,128,168,155,118,119,163,113,131
132,109,125,121,114,126,107,123,112,145,150,141,138,127,114,116,117,127,126,109,192,119,164,160,161,187,185,190,179,126,140,131,135,137,137,145,192,136,132,140,197,143,143,109,132,127,121,130,134,157,131,128,124,181,101,189,141,201,130,128,146,131,127,126,231,221,108,116,112,133,133,141,181,129,199,114,102,204,119,185,123,199,137,127,114
141,104,120,117,109,121,102,118,121,154,159,141,138,130,123,112,113,136,135,104,182,114,173,169,170,196,194,199,169,122,149,140,144,146,146,145,182,136,128,140,187,152,152,105,132,136,130,139,129,147,131,128,124,190,110,198,141,191,130,128,155,140,127,135,221,230,117,116,115,129,129,150,190,129,208,109,111,213,128,194,123,189,146,122,110
161,78,94,163,141,116,89,119,161,162,157,96,107,108,185,133,165,160,171,144,113,160,119,110,112,127,135,114,100,90,151,162,173,157,162,93,117,96,105,89,118,158,158,69,89,180,169,163,140,125,113,116,112,128,145,121,86,94,87,93,142,167,144,163,108,117,215,151,91,95,95,146,128,94,102,152,198,110,194,135,88,114,157,118,141
160,96,112,170,139,117,97,123,163,132,127,117,130,111,166,159,158,172,168,158,122,164,102,108,118,133,133,118,125,104,160,166,158,155,149,110,128,113,116,114,133,144,144,79,104,187,188,148,153,98,132,133,130,119,165,112,113,105,107,113,125,159,146,148,116,116,151,224,98,109,109,125,119,114,109,150,160,105,171,133,108,112,158,131,149
111,126,142,120,123,139,118,165,108,133,133,178,174,176,98,111,112,113,125,117,130,125,98,83,85,125,120,101,104,216,127,125,122,145,139,160,131,129,148,146,122,123,123,138,153,100,101,129,137,97,154,142,138,127,85,128,194,113,206,154,130,125,122,114,112,115,91,98,235,137,137,122,127,144,107,116,92,129,103,120,149,140,128,141,113
119,123,139,118,98,144,134,144,100,117,115,180,160,172,107,104,117,113,117,99,141,112,121,106,102,126,134,112,124,158,112,115,107,111,111,168,142,173,172,175,130,115,115,145,175,110,105,106,117,103,140,147,147,126,84,127,154,124,154,183,126,122,139,117,133,129,95,109,137,218,218,126,126,185,126,99,95,122,112,134,178,125,118,136,112
119,123,139,118,98,144,134,144,100,117,115,180,160,172,107,104,117,113,117,99,141,112,121,106,102,126,134,112,124,158,112,115,107,111,111,168,142,173,172,175,130,115,115,145,175,110,105,106,117,103,140,147,147,126,84,127,154,124,154,183,126,122,139,117,133,129,95,109,137,218,218,126,126,185,126,99,95,122,112,134,178,125,118,136,112
167,92,108,152,167,128,103,127,170,184,179,135,139,130,170,118,163,147,175,153,151,149,126,117,123,156,164,133,129,121,163,171,156,146,148,120,147,121,124,118,147,167,167,89,118,147,158,162,152,121,115,120,116,160,154,160,125,121,124,126,217,175,152,194,141,150,146,125,122,126,126,228,160,116,135,156,134,143,153,164,121,138,169,128,126
138,96,112,126,135,126,107,138,146,164,169,132,149,127,134,118,116,134,163,129,199,123,168,164,168,204,204,189,177,134,153,164,161,157,151,131,203,141,134,124,195,147,147,95,137,133,134,156,142,172,138,145,141,226,117,215,148,169,142,125,162,149,128,138,181,190,128,119,127,126,126,160,226,126,183,135,128,191,139,204,120,193,159,135,126
115,127,143,110,90,138,138,137,99,107,107,177,161,186,106,101,112,111,113,94,137,104,126,111,107,124,132,112,123,158,110,113,108,112,112,172,138,183,180,179,124,111,111,144,179,109,104,104,111,102,156,163,163,126,83,127,159,125,159,212,116,118,141,113,129,129,94,114,144,185,185,116,126,221,126,94,94,127,111,132,207,121,116,130,109
136,107,123,102,102,106,109,111,120,151,156,125,122,119,114,95,98,127,120,103,175,99,167,167,162,193,180,204,188,114,138,125,137,138,138,123,175,138,131,125,184,145,145,95,129,125,119,132,114,140,115,113,113,183,99,191,133,195,122,125,148,125,118,120,199,208,102,109,107,126,126,135,183,126,227,102,102,205,119,180,120,181,131,107,95
132,99,115,163,221,147,110,160,180,138,133,96,107,122,180,147,189,157,171,197,127,168,85,76,85,126,126,108,113,105,151,162,167,164,166,97,131,103,119,90,131,157,157,77,103,157,168,157,174,105,112,117,113,135,151,127,99,102,98,93,158,141,123,160,114,109,152,150,116,99,99,156,135,94,102,232,144,110,163,126,99,119,157,152,155
151,79,95,157,133,110,90,120,181,145,140,91,108,104,197,142,163,169,171,164,113,154,124,115,117,127,135,107,106,91,151,162,167,158,152,87,117,96,105,84,118,146,146,64,84,189,189,157,140,125,114,117,114,128,165,121,87,93,88,93,130,161,149,149,102,111,198,160,92,95,95,134,128,94,102,144,218,104,203,135,88,114,157,118,150
130,90,106,110,110,114,95,119,122,151,156,147,144,123,116,101,106,129,128,105,183,107,172,168,165,193,188,196,175,136,138,133,145,160,160,128,183,131,124,126,184,153,153,91,133,125,119,140,122,157,137,121,117,191,99,199,155,214,144,126,156,133,120,128,204,213,110,105,129,122,122,143,191,127,205,110,104,236,121,188,121,203,139,115,103
173,96,112,168,152,128,107,131,192,167,162,108,119,121,216,153,182,180,182,175,124,165,116,107,109,138,146,124,117,102,162,173,178,169,174,105,128,114,123,102,129,163,163,82,102,211,200,168,151,110,125,128,125,139,176,132,98,110,99,110,149,172,167,168,119,128,194,171,103,112,112,153,139,111,119,163,203,121,225,146,105,125,168,129,161
149,104,120,144,126,116,115,131,142,163,158,140,153,133,140,108,127,139,159,125,193,141,172,168,173,214,226,182,187,127,143,157,147,143,137,133,199,141,132,132,205,157,157,97,137,144,144,142,132,174,146,149,145,204,121,201,146,166,135,131,169,167,136,155,185,194,135,133,120,134,134,164,204,132,180,126,135,188,146,226,126,186,149,125,116
120,115,131,115,106,128,126,131,93,112,112,182,166,172,100,95,106,127,118,88,131,109,120,105,101,118,126,106,117,163,115,118,102,106,106,158,132,169,166,165,118,127,127,130,165,103,98,109,116,96,146,153,153,120,77,121,164,119,164,217,121,123,135,118,123,123,88,108,149,178,178,121,120,207,120,99,88,121,105,126,223,115,121,120,103
122,94,110,121,119,122,99,135,124,155,160,146,151,119,119,116,122,127,130,121,200,119,161,157,154,191,186,172,183,154,140,135,147,162,156,134,200,130,127,125,201,129,129,101,132,117,117,142,138,177,144,128,124,193,101,201,162,200,158,120,147,131,135,119,199,189,114,112,140,125,125,138,193,121,181,119,114,203,125,186,115,232,141,131,118
162,82,98,170,171,152,93,148,170,152,157,127,132,130,163,159,154,195,212,153,145,167,129,120,113,141,149,122,114,127,217,217,192,189,183,110,145,113,122,108,132,159,159,86,108,162,163,198,206,109,123,130,126,159,154,163,125,117,124,126,158,174,138,163,137,146,157,158,128,118,118,169,159,116,131,157,157,139,168,149,121,141,223,166,167
105,109,125,146,148,207,120,188,131,111,116,128,133,158,124,146,141,145,155,148,141,151,111,96,89,117,125,98,104,130,160,160,153,150,144,126,141,129,140,124,122,109,109,107,124,123,124,148,183,99,142,149,145,135,115,139,120,107,125,125,117,124,125,113,127,122,118,131,141,136,136,128,135,130,107,152,118,115,129,125,120,131,166,221,154
121,95,95,167,144,146,106,152,162,114,119,109,107,126,156,209,169,157,159,171,124,161,97,88,84,108,116,93,94,113,161,164,173,164,158,103,125,100,113,101,112,127,127,99,101,155,156,163,176,89,109,116,112,126,167,127,107,98,106,108,115,142,144,131,114,110,141,149,113,112,112,126,126,109,95,155,150,103,161,116,103,118,167,154,217
