aa,PC1,PC2,PC3,PC4,PC5,PC6,PC7,PC8,PC9,PC10,PC11,PC12,PC13,PC14,PC15
A,-0.970906026,-0.323681347,15.72065182,-0.508840656,3.740218583,-0.778796812,3.386676564,-0.913062748,3.006147508,-2.32919906,0.787021898,-1.87437966,1.533353883,1.344460998,3.358159286
R,8.538146249,-13.78745836,-4.770628395,-1.16449378,-9.465613828,6.792442661,1.98971004,-5.152740465,-2.937720877,-5.892069509,5.26993696,1.610366132,-1.95208183,-0.644089996,1.539343086
N,14.86976088,1.570624194,-3.623217513,5.636723976,-1.783961309,-3.627368217,-1.446524571,5.399452624,0.876168782,4.112877597,1.913816113,2.420632704,-3.813864216,-5.242596003,3.971312334
D,18.12626589,-2.147381547,-0.252169841,2.313661066,6.524063718,-4.883864694,-9.13828094,-0.710243755,-2.102955261,-1.278653745,1.48217398,1.430323289,-4.046316106,5.72388976,-1.78674913
C,-8.369182514,8.30319345,-6.619669456,13.87341399,8.595313238,9.799148182,1.269111867,-4.637529014,-0.983921566,4.363424359,2.343652561,0.34344584,1.182908763,0.01325588,-0.696621503
E,12.03159874,-13.30121908,8.279953817,-2.196388597,8.483089709,-2.020040943,-4.581659054,-2.685265046,-2.604247983,-0.132282631,-0.239494399,-2.403934848,4.180274502,-4.404320386,0.239790654
Q,7.921096495,-8.696665059,-0.597016945,0.020462957,0.930263969,2.56565474,1.145547659,0.505002473,0.714673438,0.044386055,-6.009543725,3.89329376,2.44305793,-2.760022775,-1.698717197
G,14.83920873,19.24138906,5.934388287,5.66738401,-5.818831341,-8.788667391,5.739142348,-4.728492177,-4.203332186,-1.564928445,-1.374501688,-0.612538358,0.661713397,-0.699213715,-1.406395336
H,0.688054394,-6.17956596,-6.80550604,3.947465312,1.332975944,-0.512113037,4.737830892,8.747223767,-3.124012361,-1.575981861,1.989772656,-7.788697891,0.998523222,1.375757343,-0.431200176
I,-20.34084677,4.14384693,3.863942793,-3.405044908,-2.789927536,1.460825743,-4.070885284,0.583871517,-3.413379542,1.84625632,-3.120829118,-1.148731313,-4.650931138,-1.646893635,1.460785067
L,-17.63623772,-0.352395967,11.83924317,-5.375408515,-1.159546594,-1.97240237,0.855139496,0.530557404,2.120176197,4.051675875,7.067456989,2.575472292,1.454790399,1.282881874,-0.265547877
K,11.70658851,-13.64488577,2.136218584,-2.016052853,-6.380686195,0.812260807,4.378571918,-1.649608196,1.42540472,8.600941405,-2.914159602,-1.631978621,-1.765423256,2.935935422,-2.786513046
M,-15.59654594,-5.745969013,1.05654898,1.825812698,6.65236588,-1.219963471,6.877495709,2.804808713,-1.907466913,-3.590991561,-4.058594596,5.839973679,-2.038575041,2.472742569,1.553836488
F,-18.59572859,0.922355087,-3.317432684,-2.521745621,-0.451259225,-4.091533764,-0.399320964,2.411224404,-1.083641299,-1.470725373,3.194328678,2.043745267,0.29441083,-3.188400088,-6.456030945
P,16.21704723,15.09127036,-8.723206171,-18.77750006,6.464781241,4.562449762,3.055577989,0.156904083,-0.669299995,0.733899405,0.395332101,-0.165126575,-0.438115415,0.052034751,0.505554282
S,11.85274099,6.884602138,2.967259509,3.629018504,-2.886193121,2.323821863,-1.33830204,3.316767581,6.263731749,-0.897892656,0.739414001,1.150218046,1.361046355,1.133058475,1.163956095
T,4.530298648,5.12654936,1.436059652,1.7684372,-3.393348518,5.243609322,-3.364481426,2.200626214,6.526853069,-4.746091371,-2.039883238,-0.650552895,0.192728843,-0.254397919,-3.255733142
W,-16.29768602,-3.90769937,-13.79255488,-0.843257986,2.332647128,-8.041872759,0.501864943,-6.421089148,7.232735295,-1.125216906,-1.015615239,-3.541864658,-1.944561105,-0.814384633,1.37250825
Y,-7.499260003,1.310045067,-12.07792238,-1.16106141,-6.894639297,-3.231039678,-4.862481108,0.688151743,-2.454737643,1.482339738,-1.428694145,2.181664266,7.446828098,3.078319501,2.848749494
V,-16.01441319,5.493045822,7.345057682,-0.712585326,-4.031712446,5.607450056,-4.734734038,-0.446559976,-2.681175132,-0.631767637,-2.981590188,-3.671330458,-1.099768114,0.241982576,0.769513312